Task,Dataset,Cohort,TaskType,Method,Budget,MeanJaccard,SDJaccard,MedianJaccard,MinJaccard,MaxJaccard,PairCount,Repeats,Folds
BRIST1D,BrisT1D,BrisT1D,regression,RandomForest,3,0.7457959183673469,0.25922063417337643,1.0,0.2,1.0,6125,50,5
BRIST1D,BrisT1D,BrisT1D,regression,geeVerse,3,0.676130612244898,0.24284345119455114,0.5,0.2,1.0,6125,50,5
BRIST1D,BrisT1D,BrisT1D,regression,MutualInfo,3,0.6511510204081633,0.25174906939821606,0.5,0.0,1.0,6125,50,5
BRIST1D,BrisT1D,BrisT1D,regression,Boruta,3,0.6208816326530613,0.25524518481953523,0.5,0.0,1.0,6125,50,5
BRIST1D,BrisT1D,BrisT1D,regression,SNN-FS,3,0.5550693877551021,0.29263635762453777,0.5,0.0,1.0,6125,50,5
BRIST1D,BrisT1D,BrisT1D,regression,ElasticNet,3,0.5485224489795918,0.26412393183059735,0.5,0.2,1.0,6125,50,5
BRIST1D,BrisT1D,BrisT1D,regression,LongGroupLasso,3,0.5476734693877552,0.25386604049212547,0.5,0.0,1.0,6125,50,5
BRIST1D,BrisT1D,BrisT1D,regression,Lasso,3,0.537730612244898,0.2709089302989279,0.5,0.0,1.0,6125,50,5
BRIST1D,BrisT1D,BrisT1D,regression,mRMR,3,0.5024979591836735,0.2622790448955607,0.5,0.0,1.0,6125,50,5
BRIST1D,BrisT1D,BrisT1D,regression,OutcomeSNN-FS,3,0.42323265306122454,0.2548241262421075,0.5,0.0,1.0,6125,50,5
BRIST1D,BrisT1D,BrisT1D,regression,StabilitySelection,3,0.4132734693877551,0.23902796397120168,0.5,0.0,1.0,6125,50,5
BRIST1D,BrisT1D,BrisT1D,regression,LLSS,3,0.3655183673469388,0.2513638432802813,0.5,0.0,1.0,6125,50,5
BRIST1D,BrisT1D,BrisT1D,regression,Stabl-RP,3,0.30352653061224494,0.22883420324887463,0.2,0.0,1.0,6125,50,5
BRIST1D,BrisT1D,BrisT1D,regression,RandomForest,5,0.6500256559766763,0.20519540668463143,0.6,0.14285714285714285,1.0,6125,50,5
BRIST1D,BrisT1D,BrisT1D,regression,geeVerse,5,0.6036237123420797,0.19066514194701017,0.6,0.25,1.0,6125,50,5
BRIST1D,BrisT1D,BrisT1D,regression,MutualInfo,5,0.5942810495626821,0.19621326000528816,0.6,0.0,1.0,6125,50,5
BRIST1D,BrisT1D,BrisT1D,regression,Boruta,5,0.5733963070942663,0.19393097433705542,0.6,0.0,1.0,6125,50,5
BRIST1D,BrisT1D,BrisT1D,regression,ElasticNet,5,0.5716124392614188,0.20560974345633307,0.6,0.14285714285714285,1.0,6125,50,5
BRIST1D,BrisT1D,BrisT1D,regression,Lasso,5,0.5620283770651118,0.20233105181982863,0.6,0.0,1.0,6125,50,5
BRIST1D,BrisT1D,BrisT1D,regression,LongGroupLasso,5,0.5595797862001943,0.1995262020732794,0.6,0.1111111111111111,1.0,6125,50,5
BRIST1D,BrisT1D,BrisT1D,regression,SNN-FS,5,0.5499090379008746,0.2156260268729362,0.6,0.0,1.0,6125,50,5
BRIST1D,BrisT1D,BrisT1D,regression,mRMR,5,0.5124989957887918,0.21270041425900557,0.5,0.0,1.0,6125,50,5
BRIST1D,BrisT1D,BrisT1D,regression,StabilitySelection,5,0.468247619047619,0.20143928816758422,0.5,0.0,1.0,6125,50,5
BRIST1D,BrisT1D,BrisT1D,regression,OutcomeSNN-FS,5,0.4482700356333009,0.21012715474945864,0.42857142857142855,0.0,1.0,6125,50,5
BRIST1D,BrisT1D,BrisT1D,regression,LLSS,5,0.42017052154195017,0.22156677344303513,0.42857142857142855,0.0,1.0,6125,50,5
BRIST1D,BrisT1D,BrisT1D,regression,Stabl-RP,5,0.3464462585034014,0.20445885402601852,0.3333333333333333,0.0,1.0,6125,50,5
BRIST1D,BrisT1D,BrisT1D,regression,RandomForest,10,0.5520979591836733,0.26395196623382144,0.5,0.14285714285714285,1.0,6125,50,5
BRIST1D,BrisT1D,BrisT1D,regression,MutualInfo,10,0.5234515416556232,0.23886422645632208,0.5,0.0,1.0,6125,50,5
BRIST1D,BrisT1D,BrisT1D,regression,geeVerse,10,0.52147429984981,0.23116149888239176,0.5,0.18181818181818182,1.0,6125,50,5
BRIST1D,BrisT1D,BrisT1D,regression,Boruta,10,0.4993356303560385,0.2250566090924955,0.5,0.0,1.0,6125,50,5
BRIST1D,BrisT1D,BrisT1D,regression,LongGroupLasso,10,0.49851893865771413,0.20182044860053297,0.5,0.1111111111111111,1.0,6125,50,5
BRIST1D,BrisT1D,BrisT1D,regression,Lasso,10,0.48688721618517533,0.2299968549354716,0.5,0.0,1.0,6125,50,5
BRIST1D,BrisT1D,BrisT1D,regression,ElasticNet,10,0.4866428129693435,0.2308708171367852,0.5,0.14285714285714285,1.0,6125,50,5
BRIST1D,BrisT1D,BrisT1D,regression,SNN-FS,10,0.4780664723032069,0.24156888255635994,0.42857142857142855,0.0,1.0,6125,50,5
BRIST1D,BrisT1D,BrisT1D,regression,mRMR,10,0.46956656948493675,0.20984931259112397,0.5,0.0,1.0,6125,50,5
BRIST1D,BrisT1D,BrisT1D,regression,StabilitySelection,10,0.4378500927643785,0.21869911187577964,0.3333333333333333,0.0,1.0,6125,50,5
BRIST1D,BrisT1D,BrisT1D,regression,OutcomeSNN-FS,10,0.418733586594811,0.20988296014223856,0.3333333333333333,0.0,1.0,6125,50,5
BRIST1D,BrisT1D,BrisT1D,regression,LLSS,10,0.39900213799805634,0.2102031889884407,0.3333333333333333,0.0,1.0,6125,50,5
BRIST1D,BrisT1D,BrisT1D,regression,Stabl-RP,10,0.3480655417145213,0.2000849797493169,0.3,0.0,1.0,6125,50,5
FPG,Japan T2D,Japan T2D,regression,MutualInfo,3,0.8918367346938776,0.20588652551130018,1.0,0.5,1.0,6125,50,5
FPG,Japan T2D,Japan T2D,regression,LongGroupLasso,3,0.8653061224489796,0.22183897949868425,1.0,0.5,1.0,6125,50,5
FPG,Japan T2D,Japan T2D,regression,Stabl-RP,3,0.8166530612244898,0.24097064080796518,1.0,0.5,1.0,6125,50,5
FPG,Japan T2D,Japan T2D,regression,OutcomeSNN-FS,3,0.8020408163265306,0.24454348682604404,1.0,0.5,1.0,6125,50,5
FPG,Japan T2D,Japan T2D,regression,RandomForest,3,0.7743673469387755,0.2488299443265707,1.0,0.5,1.0,6125,50,5
FPG,Japan T2D,Japan T2D,regression,Boruta,3,0.7088979591836735,0.2466182315377242,0.5,0.5,1.0,6125,50,5
FPG,Japan T2D,Japan T2D,regression,ElasticNet,3,0.6773877551020409,0.2392421507085283,0.5,0.5,1.0,6125,50,5
FPG,Japan T2D,Japan T2D,regression,LLSS,3,0.6622857142857143,0.23412636223725014,0.5,0.5,1.0,6125,50,5
FPG,Japan T2D,Japan T2D,regression,Lasso,3,0.6500408163265307,0.2291653022607787,0.5,0.5,1.0,6125,50,5
FPG,Japan T2D,Japan T2D,regression,SNN-FS,3,0.6369795918367347,0.223012347770614,0.5,0.5,1.0,6125,50,5
FPG,Japan T2D,Japan T2D,regression,mRMR,3,0.5728979591836735,0.17646515580238364,0.5,0.5,1.0,6125,50,5
FPG,Japan T2D,Japan T2D,regression,StabilitySelection,3,0.4749714285714286,0.23498444158233317,0.5,0.0,1.0,6125,50,5
FPG,Japan T2D,Japan T2D,regression,geeVerse,3,0.10780408163265305,0.1593621782911063,0.0,0.0,1.0,6125,50,5
FPG,Japan T2D,Japan T2D,regression,RandomForest,5,0.7584851311953353,0.1878539899170676,0.6666666666666666,0.25,1.0,6125,50,5
FPG,Japan T2D,Japan T2D,regression,LongGroupLasso,5,0.7513414965986394,0.1706662420514853,0.6666666666666666,0.3333333333333333,1.0,6125,50,5
FPG,Japan T2D,Japan T2D,regression,Boruta,5,0.7385547133138969,0.17698408545593283,0.6666666666666666,0.25,1.0,6125,50,5
FPG,Japan T2D,Japan T2D,regression,LLSS,5,0.6749449951409136,0.1743766903884401,0.6666666666666666,0.25,1.0,6125,50,5
FPG,Japan T2D,Japan T2D,regression,MutualInfo,5,0.6327210884353742,0.16691369874206766,0.6666666666666666,0.25,1.0,6125,50,5
FPG,Japan T2D,Japan T2D,regression,ElasticNet,5,0.6260272108843538,0.17733418751755559,0.6666666666666666,0.25,1.0,6125,50,5
FPG,Japan T2D,Japan T2D,regression,OutcomeSNN-FS,5,0.6244851311953353,0.17989095701922708,0.6666666666666666,0.25,1.0,6125,50,5
FPG,Japan T2D,Japan T2D,regression,Stabl-RP,5,0.6106336248785229,0.1590764162067381,0.6666666666666666,0.25,1.0,6125,50,5
FPG,Japan T2D,Japan T2D,regression,SNN-FS,5,0.557648202137998,0.17568123943130867,0.6,0.25,1.0,6125,50,5
FPG,Japan T2D,Japan T2D,regression,Lasso,5,0.5410791059280855,0.17166644398511482,0.5,0.25,1.0,6125,50,5
FPG,Japan T2D,Japan T2D,regression,StabilitySelection,5,0.5036174927113702,0.1808242964329731,0.42857142857142855,0.0,1.0,6125,50,5
FPG,Japan T2D,Japan T2D,regression,mRMR,5,0.43079261418853243,0.17000694358131246,0.42857142857142855,0.25,1.0,6125,50,5
FPG,Japan T2D,Japan T2D,regression,geeVerse,5,0.16188532555879495,0.14377009571879354,0.1111111111111111,0.0,1.0,6125,50,5
FPG,Japan T2D,Japan T2D,regression,Stabl-RP,10,0.7201957824488437,0.20609167237236473,0.8181818181818182,0.3,1.0,6125,50,5
FPG,Japan T2D,Japan T2D,regression,LLSS,10,0.7018323445262221,0.1771868339435768,0.6666666666666666,0.3,1.0,6125,50,5
FPG,Japan T2D,Japan T2D,regression,LongGroupLasso,10,0.6279453988188681,0.19446232925610168,0.6,0.25,1.0,6125,50,5
FPG,Japan T2D,Japan T2D,regression,Lasso,10,0.5902781898373736,0.17655647311268133,0.6666666666666666,0.18181818181818182,1.0,6125,50,5
FPG,Japan T2D,Japan T2D,regression,Boruta,10,0.5878344947569438,0.17467440332046158,0.5384615384615384,0.3,1.0,6125,50,5
FPG,Japan T2D,Japan T2D,regression,RandomForest,10,0.5736586298055686,0.16099529800526596,0.5,0.18181818181818182,1.0,6125,50,5
FPG,Japan T2D,Japan T2D,regression,OutcomeSNN-FS,10,0.5734038614446778,0.17886121335894628,0.5384615384615384,0.18181818181818182,1.0,6125,50,5
FPG,Japan T2D,Japan T2D,regression,ElasticNet,10,0.5712375379722319,0.17650243513615002,0.5384615384615384,0.25,1.0,6125,50,5
FPG,Japan T2D,Japan T2D,regression,SNN-FS,10,0.5468109115374421,0.18141644899867249,0.5384615384615384,0.18181818181818182,1.0,6125,50,5
FPG,Japan T2D,Japan T2D,regression,MutualInfo,10,0.4827042318225992,0.14187633727069754,0.5,0.18181818181818182,1.0,6125,50,5
FPG,Japan T2D,Japan T2D,regression,StabilitySelection,10,0.4612270543382188,0.15501549774624096,0.42857142857142855,0.0,1.0,6125,50,5
FPG,Japan T2D,Japan T2D,regression,mRMR,10,0.34142324374305166,0.14923840228222632,0.3333333333333333,0.1111111111111111,1.0,6125,50,5
FPG,Japan T2D,Japan T2D,regression,geeVerse,10,0.29643449924127246,0.15946401952920983,0.25,0.0,1.0,6125,50,5
FPG_KARE,KARE,Korea KARE,regression,mRMR,3,0.8653061224489796,0.22183897949868425,1.0,0.5,1.0,6125,50,5
FPG_KARE,KARE,Korea KARE,regression,LongGroupLasso,3,0.8073469387755102,0.24335364666948933,1.0,0.5,1.0,6125,50,5
FPG_KARE,KARE,Korea KARE,regression,RandomForest,3,0.7495510204081632,0.25002000746397574,0.5,0.5,1.0,6125,50,5
FPG_KARE,KARE,Korea KARE,regression,Boruta,3,0.7414693877551021,0.24987481369603531,0.5,0.5,1.0,6125,50,5
FPG_KARE,KARE,Korea KARE,regression,Stabl-RP,3,0.7231020408163266,0.2485690797300807,0.5,0.5,1.0,6125,50,5
FPG_KARE,KARE,Korea KARE,regression,geeVerse,3,0.7202775510204082,0.2843459751772269,0.5,0.0,1.0,6125,50,5
FPG_KARE,KARE,Korea KARE,regression,LLSS,3,0.657469387755102,0.23226470557030052,0.5,0.5,1.0,6125,50,5
FPG_KARE,KARE,Korea KARE,regression,Lasso,3,0.6000489795918367,0.27927836503631115,0.5,0.2,1.0,6125,50,5
FPG_KARE,KARE,Korea KARE,regression,ElasticNet,3,0.5942857142857143,0.27900050216623934,0.5,0.2,1.0,6125,50,5
FPG_KARE,KARE,Korea KARE,regression,StabilitySelection,3,0.5794775510204082,0.2509519199513081,0.5,0.0,1.0,6125,50,5
FPG_KARE,KARE,Korea KARE,regression,SNN-FS,3,0.5032816326530613,0.2534877673599308,0.5,0.2,1.0,6125,50,5
FPG_KARE,KARE,Korea KARE,regression,MutualInfo,3,0.4632816326530612,0.19236404395199205,0.5,0.0,1.0,6125,50,5
FPG_KARE,KARE,Korea KARE,regression,OutcomeSNN-FS,3,0.4584489795918367,0.2363778157959778,0.5,0.2,1.0,6125,50,5
FPG_KARE,KARE,Korea KARE,regression,geeVerse,5,0.713412892776158,0.27886653697283864,0.6666666666666666,0.0,1.0,6125,50,5
FPG_KARE,KARE,Korea KARE,regression,mRMR,5,0.6538771622934888,0.1804485752616007,0.6,0.25,1.0,6125,50,5
FPG_KARE,KARE,Korea KARE,regression,RandomForest,5,0.6143028182701651,0.15763288114893195,0.6,0.25,1.0,6125,50,5
FPG_KARE,KARE,Korea KARE,regression,LongGroupLasso,5,0.6140237123420796,0.16174815753047925,0.6,0.25,1.0,6125,50,5
FPG_KARE,KARE,Korea KARE,regression,LLSS,5,0.6093131195335276,0.18725942085808803,0.6,0.25,1.0,6125,50,5
FPG_KARE,KARE,Korea KARE,regression,Boruta,5,0.602818270165209,0.16303889452846776,0.6,0.25,1.0,6125,50,5
FPG_KARE,KARE,Korea KARE,regression,ElasticNet,5,0.6020295432458699,0.1832521572442085,0.6666666666666666,0.1111111111111111,1.0,6125,50,5
FPG_KARE,KARE,Korea KARE,regression,Stabl-RP,5,0.5966413994169096,0.17909349082640447,0.6,0.25,1.0,6125,50,5
FPG_KARE,KARE,Korea KARE,regression,Lasso,5,0.5951092970521542,0.18190114235456528,0.6666666666666666,0.1111111111111111,1.0,6125,50,5
FPG_KARE,KARE,Korea KARE,regression,StabilitySelection,5,0.5610695173307418,0.18479117918811638,0.6666666666666666,0.1111111111111111,1.0,6125,50,5
FPG_KARE,KARE,Korea KARE,regression,SNN-FS,5,0.5318082280531261,0.18871311533407847,0.42857142857142855,0.1111111111111111,1.0,6125,50,5
FPG_KARE,KARE,Korea KARE,regression,OutcomeSNN-FS,5,0.5288607709750568,0.17897275730321585,0.42857142857142855,0.1111111111111111,1.0,6125,50,5
FPG_KARE,KARE,Korea KARE,regression,MutualInfo,5,0.3505387755102041,0.13387395321630258,0.3333333333333333,0.1111111111111111,1.0,6125,50,5
FPG_KARE,KARE,Korea KARE,regression,geeVerse,10,0.8084432682963296,0.26479900524772854,1.0,0.08333333333333333,1.0,6125,50,5
FPG_KARE,KARE,Korea KARE,regression,OutcomeSNN-FS,10,0.616692776611144,0.12741293724188715,0.6666666666666666,0.18181818181818182,1.0,6125,50,5
FPG_KARE,KARE,Korea KARE,regression,ElasticNet,10,0.5784082937470693,0.1270842147012856,0.5384615384615384,0.18181818181818182,1.0,6125,50,5
FPG_KARE,KARE,Korea KARE,regression,Lasso,10,0.5687035359198624,0.12547281325714457,0.5384615384615384,0.14285714285714285,1.0,6125,50,5
FPG_KARE,KARE,Korea KARE,regression,SNN-FS,10,0.5420319598768578,0.13643485373050315,0.5384615384615384,0.15384615384615385,1.0,6125,50,5
FPG_KARE,KARE,Korea KARE,regression,LLSS,10,0.5275200119608282,0.21877170568425236,0.5,0.18181818181818182,1.0,6125,50,5
FPG_KARE,KARE,Korea KARE,regression,Stabl-RP,10,0.5251244320305545,0.20382324080727535,0.5,0.18181818181818182,1.0,6125,50,5
FPG_KARE,KARE,Korea KARE,regression,mRMR,10,0.5095710113016235,0.21548050703504673,0.5,0.18181818181818182,1.0,6125,50,5
FPG_KARE,KARE,Korea KARE,regression,LongGroupLasso,10,0.5081163054632442,0.2038380688522601,0.5,0.18181818181818182,1.0,6125,50,5
FPG_KARE,KARE,Korea KARE,regression,RandomForest,10,0.49624355780274143,0.1871602682124369,0.5,0.15384615384615385,1.0,6125,50,5
FPG_KARE,KARE,Korea KARE,regression,StabilitySelection,10,0.4944136704698529,0.15077488503934866,0.5384615384615384,0.07142857142857142,1.0,6125,50,5
FPG_KARE,KARE,Korea KARE,regression,Boruta,10,0.4899188267514798,0.1778133713417237,0.5,0.18181818181818182,1.0,6125,50,5
FPG_KARE,KARE,Korea KARE,regression,MutualInfo,10,0.31449611062189564,0.10559717595475165,0.3333333333333333,0.05263157894736842,1.0,6125,50,5
GSE41848_MS,GSE41848 MS discovery,GSE41848,classification,RandomForest,3,0.5976163265306123,0.21499365748218732,0.5,0.2,1.0,6125,50,5
GSE41848_MS,GSE41848 MS discovery,GSE41848,classification,Boruta,3,0.5444408163265306,0.19220743619773353,0.5,0.2,1.0,6125,50,5
GSE41848_MS,GSE41848 MS discovery,GSE41848,classification,StabilitySelection,3,0.5020734693877551,0.20547839185598488,0.5,0.2,1.0,6125,50,5
GSE41848_MS,GSE41848 MS discovery,GSE41848,classification,Lasso,3,0.49639183673469395,0.2169161644560514,0.5,0.2,1.0,6125,50,5
GSE41848_MS,GSE41848 MS discovery,GSE41848,classification,SNN-FS,3,0.41412244897959183,0.19100802087114194,0.5,0.2,1.0,6125,50,5
GSE41848_MS,GSE41848 MS discovery,GSE41848,classification,ElasticNet,3,0.4000979591836735,0.2126164111249078,0.5,0.2,1.0,6125,50,5
GSE41848_MS,GSE41848 MS discovery,GSE41848,classification,LongGroupLasso,3,0.39866122448979596,0.2136388956478684,0.5,0.0,1.0,6125,50,5
GSE41848_MS,GSE41848 MS discovery,GSE41848,classification,OutcomeSNN-FS,3,0.384326530612245,0.20786123834283604,0.5,0.2,1.0,6125,50,5
GSE41848_MS,GSE41848 MS discovery,GSE41848,classification,mRMR,3,0.35887346938775516,0.21311131262950067,0.2,0.2,1.0,6125,50,5
GSE41848_MS,GSE41848 MS discovery,GSE41848,classification,LLSS,3,0.3518857142857143,0.22136486545461553,0.2,0.0,1.0,6125,50,5
GSE41848_MS,GSE41848 MS discovery,GSE41848,classification,Stabl-RP,3,0.33964081632653065,0.238776549642198,0.2,0.0,1.0,6125,50,5
GSE41848_MS,GSE41848 MS discovery,GSE41848,classification,MutualInfo,3,0.11234285714285715,0.14573563926258284,0.0,0.0,1.0,6125,50,5
GSE41848_MS,GSE41848 MS discovery,GSE41848,classification,RandomForest,5,0.5179773242630386,0.17632640955709866,0.5,0.1111111111111111,1.0,6125,50,5
GSE41848_MS,GSE41848 MS discovery,GSE41848,classification,Boruta,5,0.4322209264658244,0.1617956147692965,0.42857142857142855,0.1111111111111111,1.0,6125,50,5
GSE41848_MS,GSE41848 MS discovery,GSE41848,classification,Lasso,5,0.39291661807580175,0.1550332474832976,0.3333333333333333,0.1111111111111111,1.0,6125,50,5
GSE41848_MS,GSE41848 MS discovery,GSE41848,classification,StabilitySelection,5,0.38461017168772266,0.15216439706808804,0.3333333333333333,0.1111111111111111,1.0,6125,50,5
GSE41848_MS,GSE41848 MS discovery,GSE41848,classification,LongGroupLasso,5,0.3721587301587301,0.17997273947769749,0.3333333333333333,0.1111111111111111,1.0,6125,50,5
GSE41848_MS,GSE41848 MS discovery,GSE41848,classification,OutcomeSNN-FS,5,0.36049173955296404,0.16774075051321358,0.3333333333333333,0.1111111111111111,1.0,6125,50,5
GSE41848_MS,GSE41848 MS discovery,GSE41848,classification,Stabl-RP,5,0.359298218334953,0.19054434569370765,0.3333333333333333,0.0,1.0,6125,50,5
GSE41848_MS,GSE41848 MS discovery,GSE41848,classification,ElasticNet,5,0.35221509556203434,0.16236307789132343,0.3333333333333333,0.1111111111111111,1.0,6125,50,5
GSE41848_MS,GSE41848 MS discovery,GSE41848,classification,LLSS,5,0.34940576611597024,0.18067099347424723,0.3333333333333333,0.0,1.0,6125,50,5
GSE41848_MS,GSE41848 MS discovery,GSE41848,classification,SNN-FS,5,0.34875050210560415,0.1457301711626403,0.3333333333333333,0.1111111111111111,1.0,6125,50,5
GSE41848_MS,GSE41848 MS discovery,GSE41848,classification,mRMR,5,0.3472943310657597,0.16066783396877818,0.3333333333333333,0.1111111111111111,1.0,6125,50,5
GSE41848_MS,GSE41848 MS discovery,GSE41848,classification,MutualInfo,5,0.13698321995464852,0.12133778220203378,0.1111111111111111,0.0,1.0,6125,50,5
GSE41848_MS,GSE41848 MS discovery,GSE41848,classification,RandomForest,10,0.4068172767342035,0.17131593825003985,0.36363636363636365,0.08333333333333333,1.0,6125,50,5
GSE41848_MS,GSE41848 MS discovery,GSE41848,classification,mRMR,10,0.34253862855831646,0.142866577790772,0.3333333333333333,0.07142857142857142,1.0,6125,50,5
GSE41848_MS,GSE41848 MS discovery,GSE41848,classification,Boruta,10,0.34000255830884507,0.1379891835710224,0.3333333333333333,0.05263157894736842,1.0,6125,50,5
GSE41848_MS,GSE41848 MS discovery,GSE41848,classification,LLSS,10,0.33528744172292535,0.1513192332390513,0.3333333333333333,0.0,1.0,6125,50,5
GSE41848_MS,GSE41848 MS discovery,GSE41848,classification,LongGroupLasso,10,0.3310143085672497,0.1473746639159878,0.3,0.07142857142857142,1.0,6125,50,5
GSE41848_MS,GSE41848 MS discovery,GSE41848,classification,Stabl-RP,10,0.32889817898451246,0.1456674413663071,0.3333333333333333,0.0,1.0,6125,50,5
GSE41848_MS,GSE41848 MS discovery,GSE41848,classification,Lasso,10,0.32784152989867277,0.1455956850562263,0.3,0.07142857142857142,1.0,6125,50,5
GSE41848_MS,GSE41848 MS discovery,GSE41848,classification,OutcomeSNN-FS,10,0.3182830675526954,0.14501823854118367,0.3,0.07142857142857142,1.0,6125,50,5
GSE41848_MS,GSE41848 MS discovery,GSE41848,classification,StabilitySelection,10,0.31398488410349157,0.1475300399113402,0.3,0.07142857142857142,1.0,6125,50,5
GSE41848_MS,GSE41848 MS discovery,GSE41848,classification,ElasticNet,10,0.2982722716792345,0.14910218191881883,0.25,0.07142857142857142,1.0,6125,50,5
GSE41848_MS,GSE41848 MS discovery,GSE41848,classification,SNN-FS,10,0.2949020937179401,0.13217170265070963,0.3,0.07142857142857142,1.0,6125,50,5
GSE41848_MS,GSE41848 MS discovery,GSE41848,classification,MutualInfo,10,0.17118359454688512,0.11184674375009045,0.17647058823529413,0.0,1.0,6125,50,5
GSE41849_MS,GSE41849 MS replication,GSE41849,classification,LLSS,3,0.3260408163265306,0.21768499111172085,0.2,0.0,1.0,6125,50,5
GSE41849_MS,GSE41849 MS replication,GSE41849,classification,LongGroupLasso,3,0.2334530612244898,0.20071535512023522,0.2,0.0,1.0,6125,50,5
GSE41849_MS,GSE41849 MS replication,GSE41849,classification,StabilitySelection,3,0.23000816326530615,0.18239126642441736,0.2,0.0,1.0,6125,50,5
GSE41849_MS,GSE41849 MS replication,GSE41849,classification,mRMR,3,0.20422857142857145,0.1972460955448989,0.2,0.0,1.0,6125,50,5
GSE41849_MS,GSE41849 MS replication,GSE41849,classification,OutcomeSNN-FS,3,0.1723265306122449,0.17992820386615757,0.2,0.0,1.0,6125,50,5
GSE41849_MS,GSE41849 MS replication,GSE41849,classification,ElasticNet,3,0.16240000000000002,0.1652100774559806,0.2,0.0,1.0,6125,50,5
GSE41849_MS,GSE41849 MS replication,GSE41849,classification,MutualInfo,3,0.14922448979591837,0.15114888581669006,0.2,0.0,1.0,6125,50,5
GSE41849_MS,GSE41849 MS replication,GSE41849,classification,Stabl-RP,3,0.14311836734693878,0.1662012854150774,0.2,0.0,1.0,6125,50,5
GSE41849_MS,GSE41849 MS replication,GSE41849,classification,Lasso,3,0.13609795918367346,0.15091098354663057,0.2,0.0,1.0,6125,50,5
GSE41849_MS,GSE41849 MS replication,GSE41849,classification,RandomForest,3,0.12899591836734695,0.15579924198907247,0.2,0.0,1.0,6125,50,5
GSE41849_MS,GSE41849 MS replication,GSE41849,classification,SNN-FS,3,0.09217959183673467,0.1355224320786128,0.0,0.0,1.0,6125,50,5
GSE41849_MS,GSE41849 MS replication,GSE41849,classification,Boruta,3,0.07417142857142857,0.12157382921648575,0.0,0.0,1.0,6125,50,5
GSE41849_MS,GSE41849 MS replication,GSE41849,classification,LLSS,5,0.3256791707159054,0.17427902067422762,0.3333333333333333,0.0,1.0,6125,50,5
GSE41849_MS,GSE41849 MS replication,GSE41849,classification,LongGroupLasso,5,0.3132248785228377,0.17493723945187054,0.25,0.0,1.0,6125,50,5
GSE41849_MS,GSE41849 MS replication,GSE41849,classification,mRMR,5,0.24130029154518948,0.1609888785780858,0.25,0.0,1.0,6125,50,5
GSE41849_MS,GSE41849 MS replication,GSE41849,classification,StabilitySelection,5,0.2247527048914804,0.13823198683630628,0.25,0.0,1.0,6125,50,5
GSE41849_MS,GSE41849 MS replication,GSE41849,classification,OutcomeSNN-FS,5,0.2030844185293165,0.1527156535794253,0.14285714285714285,0.0,1.0,6125,50,5
GSE41849_MS,GSE41849 MS replication,GSE41849,classification,Stabl-RP,5,0.1797516034985423,0.1457284705010001,0.14285714285714285,0.0,1.0,6125,50,5
GSE41849_MS,GSE41849 MS replication,GSE41849,classification,ElasticNet,5,0.17229841269841267,0.13391962906690505,0.14285714285714285,0.0,1.0,6125,50,5
GSE41849_MS,GSE41849 MS replication,GSE41849,classification,MutualInfo,5,0.15307884677680594,0.1270692491544321,0.14285714285714285,0.0,1.0,6125,50,5
GSE41849_MS,GSE41849 MS replication,GSE41849,classification,Lasso,5,0.1410509880142533,0.12222167827195726,0.1111111111111111,0.0,1.0,6125,50,5
GSE41849_MS,GSE41849 MS replication,GSE41849,classification,RandomForest,5,0.13771156462585035,0.12054187499175624,0.1111111111111111,0.0,1.0,6125,50,5
GSE41849_MS,GSE41849 MS replication,GSE41849,classification,SNN-FS,5,0.11616352445740201,0.1201539982829321,0.1111111111111111,0.0,1.0,6125,50,5
GSE41849_MS,GSE41849 MS replication,GSE41849,classification,Boruta,5,0.09302701652089407,0.10505070116699523,0.1111111111111111,0.0,1.0,6125,50,5
GSE41849_MS,GSE41849 MS replication,GSE41849,classification,LLSS,10,0.30342105377194784,0.15180650935749854,0.3,0.0,1.0,6125,50,5
GSE41849_MS,GSE41849 MS replication,GSE41849,classification,LongGroupLasso,10,0.3013802113950721,0.13520258106202243,0.3,0.0,1.0,6125,50,5
GSE41849_MS,GSE41849 MS replication,GSE41849,classification,mRMR,10,0.26460895487627023,0.13971108783588043,0.25,0.0,1.0,6125,50,5
GSE41849_MS,GSE41849 MS replication,GSE41849,classification,StabilitySelection,10,0.2203463079242949,0.10946472632223736,0.18181818181818182,0.0,1.0,6125,50,5
GSE41849_MS,GSE41849 MS replication,GSE41849,classification,OutcomeSNN-FS,10,0.20749327749256985,0.1354517472706297,0.18181818181818182,0.0,1.0,6125,50,5
GSE41849_MS,GSE41849 MS replication,GSE41849,classification,Stabl-RP,10,0.20603402173951238,0.1273942869291935,0.18181818181818182,0.0,1.0,6125,50,5
GSE41849_MS,GSE41849 MS replication,GSE41849,classification,ElasticNet,10,0.17051916350254634,0.1063323818505214,0.15384615384615385,0.0,1.0,6125,50,5
GSE41849_MS,GSE41849 MS replication,GSE41849,classification,MutualInfo,10,0.15105407837180124,0.11010620274828664,0.14285714285714285,0.0,1.0,6125,50,5
GSE41849_MS,GSE41849 MS replication,GSE41849,classification,RandomForest,10,0.15065350919167814,0.09903605276143439,0.15384615384615385,0.0,0.6,6125,50,5
GSE41849_MS,GSE41849 MS replication,GSE41849,classification,Lasso,10,0.14414580274369243,0.10260009022877584,0.14285714285714285,0.0,1.0,6125,50,5
GSE41849_MS,GSE41849 MS replication,GSE41849,classification,SNN-FS,10,0.1337183699937728,0.1045514369887038,0.1111111111111111,0.0,1.0,6125,50,5
GSE41849_MS,GSE41849 MS replication,GSE41849,classification,Boruta,10,0.10793019489654354,0.08947721760269908,0.08333333333333333,0.0,1.0,6125,50,5
GSE48023_H1N1,GSE48023 influenza vaccination,GSE48023,regression,mRMR,3,0.3265469387755102,0.2259833969884049,0.2,0.0,1.0,6125,50,5
GSE48023_H1N1,GSE48023 influenza vaccination,GSE48023,regression,Stabl-RP,3,0.3209469387755102,0.23819019747998768,0.2,0.0,1.0,6125,50,5
GSE48023_H1N1,GSE48023 influenza vaccination,GSE48023,regression,LLSS,3,0.27740408163265307,0.2537545387192778,0.2,0.0,1.0,6125,50,5
GSE48023_H1N1,GSE48023 influenza vaccination,GSE48023,regression,MutualInfo,3,0.24893061224489796,0.16746539827547374,0.2,0.0,1.0,6125,50,5
GSE48023_H1N1,GSE48023 influenza vaccination,GSE48023,regression,LongGroupLasso,3,0.20182857142857144,0.20570707741406574,0.2,0.0,1.0,6125,50,5
GSE48023_H1N1,GSE48023 influenza vaccination,GSE48023,regression,RandomForest,3,0.16429387755102043,0.16650490948466484,0.2,0.0,1.0,6125,50,5
GSE48023_H1N1,GSE48023 influenza vaccination,GSE48023,regression,Boruta,3,0.13637551020408165,0.15842110433147663,0.2,0.0,1.0,6125,50,5
GSE48023_H1N1,GSE48023 influenza vaccination,GSE48023,regression,StabilitySelection,3,0.13248979591836735,0.14772083547649628,0.2,0.0,1.0,6125,50,5
GSE48023_H1N1,GSE48023 influenza vaccination,GSE48023,regression,OutcomeSNN-FS,3,0.12502857142857143,0.1488652484012997,0.2,0.0,1.0,6125,50,5
GSE48023_H1N1,GSE48023 influenza vaccination,GSE48023,regression,ElasticNet,3,0.10013061224489796,0.12962533025101686,0.0,0.0,1.0,6125,50,5
GSE48023_H1N1,GSE48023 influenza vaccination,GSE48023,regression,SNN-FS,3,0.09650612244897958,0.13033220818583455,0.0,0.0,1.0,6125,50,5
GSE48023_H1N1,GSE48023 influenza vaccination,GSE48023,regression,Lasso,3,0.08716734693877551,0.12552395314608525,0.0,0.0,1.0,6125,50,5
GSE48023_H1N1,GSE48023 influenza vaccination,GSE48023,regression,geeVerse,3,0.08511020408163264,0.12876723604910711,0.0,0.0,1.0,6125,50,5
GSE48023_H1N1,GSE48023 influenza vaccination,GSE48023,regression,mRMR,5,0.33448668610301263,0.18711783649745978,0.3333333333333333,0.0,1.0,6125,50,5
GSE48023_H1N1,GSE48023 influenza vaccination,GSE48023,regression,Stabl-RP,5,0.29616702299967607,0.18670714064068653,0.3333333333333333,0.0,1.0,6125,50,5
GSE48023_H1N1,GSE48023 influenza vaccination,GSE48023,regression,LLSS,5,0.2526845481049563,0.20747794556723828,0.25,0.0,1.0,6125,50,5
GSE48023_H1N1,GSE48023 influenza vaccination,GSE48023,regression,MutualInfo,5,0.22232018140589568,0.13408499075483615,0.2,0.0,1.0,6125,50,5
GSE48023_H1N1,GSE48023 influenza vaccination,GSE48023,regression,LongGroupLasso,5,0.2125898283122773,0.1714779015165365,0.14285714285714285,0.0,1.0,6125,50,5
GSE48023_H1N1,GSE48023 influenza vaccination,GSE48023,regression,RandomForest,5,0.17102325882734043,0.14440247339005982,0.14285714285714285,0.0,1.0,6125,50,5
GSE48023_H1N1,GSE48023 influenza vaccination,GSE48023,regression,Boruta,5,0.14355711046323288,0.13668638077732295,0.14285714285714285,0.0,1.0,6125,50,5
GSE48023_H1N1,GSE48023 influenza vaccination,GSE48023,regression,StabilitySelection,5,0.14065267249757044,0.1308280516150072,0.14285714285714285,0.0,1.0,6125,50,5
GSE48023_H1N1,GSE48023 influenza vaccination,GSE48023,regression,OutcomeSNN-FS,5,0.13061081956592158,0.12871059843121327,0.14285714285714285,0.0,1.0,6125,50,5
GSE48023_H1N1,GSE48023 influenza vaccination,GSE48023,regression,ElasticNet,5,0.10244263038548751,0.11821684425454539,0.1111111111111111,0.0,0.6,6125,50,5
GSE48023_H1N1,GSE48023 influenza vaccination,GSE48023,regression,SNN-FS,5,0.10086789763524456,0.11410764698679335,0.1111111111111111,0.0,1.0,6125,50,5
GSE48023_H1N1,GSE48023 influenza vaccination,GSE48023,regression,Lasso,5,0.09506550048590863,0.11632971431746723,0.0,0.0,0.6,6125,50,5
GSE48023_H1N1,GSE48023 influenza vaccination,GSE48023,regression,geeVerse,5,0.09280738581146743,0.11531821879318452,0.0,0.0,1.0,6125,50,5
GSE48023_H1N1,GSE48023 influenza vaccination,GSE48023,regression,mRMR,10,0.3071569469738927,0.1807822604708535,0.3,0.0,1.0,6125,50,5
GSE48023_H1N1,GSE48023 influenza vaccination,GSE48023,regression,Stabl-RP,10,0.27036061301152603,0.17703980464480018,0.25,0.0,1.0,6125,50,5
GSE48023_H1N1,GSE48023 influenza vaccination,GSE48023,regression,LLSS,10,0.2275368388903487,0.19309309083118395,0.18181818181818182,0.0,1.0,6125,50,5
GSE48023_H1N1,GSE48023 influenza vaccination,GSE48023,regression,MutualInfo,10,0.20149176340813416,0.11620056978216825,0.18181818181818182,0.0,1.0,6125,50,5
GSE48023_H1N1,GSE48023 influenza vaccination,GSE48023,regression,LongGroupLasso,10,0.191500512040349,0.1442997027369238,0.18181818181818182,0.0,1.0,6125,50,5
GSE48023_H1N1,GSE48023 influenza vaccination,GSE48023,regression,RandomForest,10,0.16283441136694438,0.12762101686883862,0.15384615384615385,0.0,1.0,6125,50,5
GSE48023_H1N1,GSE48023 influenza vaccination,GSE48023,regression,Boruta,10,0.14074886479400284,0.12008466138790133,0.14285714285714285,0.0,1.0,6125,50,5
GSE48023_H1N1,GSE48023 influenza vaccination,GSE48023,regression,StabilitySelection,10,0.13859512493431744,0.12083881068245134,0.14285714285714285,0.0,1.0,6125,50,5
GSE48023_H1N1,GSE48023 influenza vaccination,GSE48023,regression,OutcomeSNN-FS,10,0.12502122663110846,0.11760150024648673,0.14285714285714285,0.0,1.0,6125,50,5
GSE48023_H1N1,GSE48023 influenza vaccination,GSE48023,regression,geeVerse,10,0.10259838549998403,0.11015307598079878,0.08333333333333333,0.0,1.0,6125,50,5
GSE48023_H1N1,GSE48023 influenza vaccination,GSE48023,regression,ElasticNet,10,0.1001447683716212,0.1100882934691127,0.08333333333333333,0.0,0.6,6125,50,5
GSE48023_H1N1,GSE48023 influenza vaccination,GSE48023,regression,SNN-FS,10,0.09770731740406347,0.10664139259023908,0.08333333333333333,0.0,1.0,6125,50,5
GSE48023_H1N1,GSE48023 influenza vaccination,GSE48023,regression,Lasso,10,0.0924336126907429,0.10838090468031916,0.08333333333333333,0.0,0.6,6125,50,5
IGG,Korea COVID-19 (CODA),Korea COVID-19,regression,LongGroupLasso,3,0.4773714285714286,0.2511058754376221,0.5,0.0,1.0,6125,50,5
IGG,Korea COVID-19 (CODA),Korea COVID-19,regression,SNN-FS,3,0.4190040816326531,0.23344882697666258,0.5,0.0,1.0,6125,50,5
IGG,Korea COVID-19 (CODA),Korea COVID-19,regression,LLSS,3,0.38631836734693875,0.24277054480280882,0.5,0.0,1.0,6125,50,5
IGG,Korea COVID-19 (CODA),Korea COVID-19,regression,StabilitySelection,3,0.36231836734693884,0.21606112574019218,0.2,0.0,1.0,6125,50,5
IGG,Korea COVID-19 (CODA),Korea COVID-19,regression,OutcomeSNN-FS,3,0.35472653061224496,0.22084233484848068,0.2,0.0,1.0,6125,50,5
IGG,Korea COVID-19 (CODA),Korea COVID-19,regression,mRMR,3,0.3371265306122449,0.22488019414990146,0.2,0.0,1.0,6125,50,5
IGG,Korea COVID-19 (CODA),Korea COVID-19,regression,geeVerse,3,0.2780571428571429,0.21937164585967997,0.2,0.0,1.0,6125,50,5
IGG,Korea COVID-19 (CODA),Korea COVID-19,regression,Stabl-RP,3,0.2689632653061225,0.21790745101267406,0.2,0.0,1.0,6125,50,5
IGG,Korea COVID-19 (CODA),Korea COVID-19,regression,RandomForest,3,0.24328163265306124,0.2011381881578277,0.2,0.0,1.0,6125,50,5
IGG,Korea COVID-19 (CODA),Korea COVID-19,regression,Lasso,3,0.23691428571428574,0.20118999342725277,0.2,0.0,1.0,6125,50,5
IGG,Korea COVID-19 (CODA),Korea COVID-19,regression,ElasticNet,3,0.22591020408163265,0.19555730650144829,0.2,0.0,1.0,6125,50,5
IGG,Korea COVID-19 (CODA),Korea COVID-19,regression,Boruta,3,0.2030857142857143,0.18434469176546203,0.2,0.0,1.0,6125,50,5
IGG,Korea COVID-19 (CODA),Korea COVID-19,regression,MutualInfo,3,0.14852244897959183,0.1596448173128418,0.2,0.0,1.0,6125,50,5
IGG,Korea COVID-19 (CODA),Korea COVID-19,regression,OutcomeSNN-FS,5,0.4708138645934565,0.18596074865370774,0.42857142857142855,0.0,1.0,6125,50,5
IGG,Korea COVID-19 (CODA),Korea COVID-19,regression,LongGroupLasso,5,0.41998172983479104,0.1925272117597759,0.42857142857142855,0.0,1.0,6125,50,5
IGG,Korea COVID-19 (CODA),Korea COVID-19,regression,SNN-FS,5,0.37894590217039203,0.16449661333894944,0.3333333333333333,0.0,1.0,6125,50,5
IGG,Korea COVID-19 (CODA),Korea COVID-19,regression,StabilitySelection,5,0.341887657920311,0.16687866462635823,0.3333333333333333,0.0,1.0,6125,50,5
IGG,Korea COVID-19 (CODA),Korea COVID-19,regression,LLSS,5,0.3285422740524781,0.18777786851049394,0.3333333333333333,0.0,1.0,6125,50,5
IGG,Korea COVID-19 (CODA),Korea COVID-19,regression,mRMR,5,0.32153262066731453,0.17061060224034572,0.3333333333333333,0.0,1.0,6125,50,5
IGG,Korea COVID-19 (CODA),Korea COVID-19,regression,Lasso,5,0.2998566893424036,0.1695955789594014,0.25,0.0,1.0,6125,50,5
IGG,Korea COVID-19 (CODA),Korea COVID-19,regression,RandomForest,5,0.27895808228053126,0.17015459788197038,0.25,0.0,1.0,6125,50,5
IGG,Korea COVID-19 (CODA),Korea COVID-19,regression,geeVerse,5,0.27754816974408814,0.17938692695072725,0.25,0.0,1.0,6125,50,5
IGG,Korea COVID-19 (CODA),Korea COVID-19,regression,ElasticNet,5,0.26413735017816653,0.1606082110738302,0.25,0.0,1.0,6125,50,5
IGG,Korea COVID-19 (CODA),Korea COVID-19,regression,Stabl-RP,5,0.2501909944930353,0.16702484874815465,0.25,0.0,1.0,6125,50,5
IGG,Korea COVID-19 (CODA),Korea COVID-19,regression,Boruta,5,0.21747431162941366,0.15414341132600765,0.2,0.0,1.0,6125,50,5
IGG,Korea COVID-19 (CODA),Korea COVID-19,regression,MutualInfo,5,0.1589227081308714,0.13492739264437922,0.14285714285714285,0.0,1.0,6125,50,5
IGG,Korea COVID-19 (CODA),Korea COVID-19,regression,OutcomeSNN-FS,10,0.41978646297013644,0.150812384121488,0.42857142857142855,0.0,1.0,6125,50,5
IGG,Korea COVID-19 (CODA),Korea COVID-19,regression,LongGroupLasso,10,0.3721708504114266,0.1909804679408099,0.3333333333333333,0.0,1.0,6125,50,5
IGG,Korea COVID-19 (CODA),Korea COVID-19,regression,SNN-FS,10,0.3274146231884274,0.1388517797175553,0.3333333333333333,0.0,1.0,6125,50,5
IGG,Korea COVID-19 (CODA),Korea COVID-19,regression,StabilitySelection,10,0.30694265147950617,0.1425622563419307,0.3,0.0,1.0,6125,50,5
IGG,Korea COVID-19 (CODA),Korea COVID-19,regression,LLSS,10,0.30196156184611356,0.17012115389650234,0.3,0.0,1.0,6125,50,5
IGG,Korea COVID-19 (CODA),Korea COVID-19,regression,mRMR,10,0.2959658041669794,0.14705168633711538,0.3,0.0,1.0,6125,50,5
IGG,Korea COVID-19 (CODA),Korea COVID-19,regression,Lasso,10,0.29183679696951953,0.13107234494449868,0.3,0.0,1.0,6125,50,5
IGG,Korea COVID-19 (CODA),Korea COVID-19,regression,RandomForest,10,0.27056684827777266,0.1444269231526591,0.25,0.0,1.0,6125,50,5
IGG,Korea COVID-19 (CODA),Korea COVID-19,regression,ElasticNet,10,0.24835474034751218,0.13111033027581664,0.25,0.0,1.0,6125,50,5
IGG,Korea COVID-19 (CODA),Korea COVID-19,regression,geeVerse,10,0.24113480924697203,0.16172144781425388,0.2,0.0,1.0,6125,50,5
IGG,Korea COVID-19 (CODA),Korea COVID-19,regression,Stabl-RP,10,0.2384017093498107,0.14079435262716522,0.2,0.0,1.0,6125,50,5
IGG,Korea COVID-19 (CODA),Korea COVID-19,regression,Boruta,10,0.22518761719595734,0.13286278695444592,0.2,0.0,1.0,6125,50,5
IGG,Korea COVID-19 (CODA),Korea COVID-19,regression,MutualInfo,10,0.16130119925355912,0.11805890290217336,0.15384615384615385,0.0,1.0,6125,50,5
IGM,Korea COVID-19 (CODA),Korea COVID-19,regression,LongGroupLasso,3,0.4427265306122449,0.24796640795478714,0.5,0.0,1.0,6125,50,5
IGM,Korea COVID-19 (CODA),Korea COVID-19,regression,Stabl-RP,3,0.36705306122448983,0.216946668368629,0.5,0.0,1.0,6125,50,5
IGM,Korea COVID-19 (CODA),Korea COVID-19,regression,mRMR,3,0.33288163265306125,0.24377207956863403,0.2,0.0,1.0,6125,50,5
IGM,Korea COVID-19 (CODA),Korea COVID-19,regression,OutcomeSNN-FS,3,0.3208489795918367,0.21409645836783545,0.2,0.0,1.0,6125,50,5
IGM,Korea COVID-19 (CODA),Korea COVID-19,regression,geeVerse,3,0.31056326530612244,0.2803103617045768,0.2,0.0,1.0,6125,50,5
IGM,Korea COVID-19 (CODA),Korea COVID-19,regression,Lasso,3,0.3009795918367347,0.20385496216456173,0.2,0.0,1.0,6125,50,5
IGM,Korea COVID-19 (CODA),Korea COVID-19,regression,SNN-FS,3,0.2753632653061225,0.21086286476263882,0.2,0.0,1.0,6125,50,5
IGM,Korea COVID-19 (CODA),Korea COVID-19,regression,StabilitySelection,3,0.244130612244898,0.20040842340290171,0.2,0.0,1.0,6125,50,5
IGM,Korea COVID-19 (CODA),Korea COVID-19,regression,ElasticNet,3,0.240995918367347,0.19169391906149072,0.2,0.0,1.0,6125,50,5
IGM,Korea COVID-19 (CODA),Korea COVID-19,regression,LLSS,3,0.23910204081632658,0.19064719315381518,0.2,0.0,1.0,6125,50,5
IGM,Korea COVID-19 (CODA),Korea COVID-19,regression,MutualInfo,3,0.16493061224489797,0.17471031146192864,0.2,0.0,1.0,6125,50,5
IGM,Korea COVID-19 (CODA),Korea COVID-19,regression,RandomForest,3,0.15178775510204082,0.160305128345943,0.2,0.0,1.0,6125,50,5
IGM,Korea COVID-19 (CODA),Korea COVID-19,regression,Boruta,3,0.13746938775510203,0.1549060394028231,0.2,0.0,1.0,6125,50,5
IGM,Korea COVID-19 (CODA),Korea COVID-19,regression,LongGroupLasso,5,0.41147146096533854,0.17416432446043703,0.42857142857142855,0.0,1.0,6125,50,5
IGM,Korea COVID-19 (CODA),Korea COVID-19,regression,Stabl-RP,5,0.3639712342079689,0.17145944368006136,0.3333333333333333,0.0,1.0,6125,50,5
IGM,Korea COVID-19 (CODA),Korea COVID-19,regression,OutcomeSNN-FS,5,0.34462870100421117,0.16464662054646628,0.3333333333333333,0.0,1.0,6125,50,5
IGM,Korea COVID-19 (CODA),Korea COVID-19,regression,mRMR,5,0.33303492063492063,0.1892297316207427,0.3333333333333333,0.0,1.0,6125,50,5
IGM,Korea COVID-19 (CODA),Korea COVID-19,regression,geeVerse,5,0.29278509880142534,0.2152060785694889,0.25,0.0,1.0,6125,50,5
IGM,Korea COVID-19 (CODA),Korea COVID-19,regression,Lasso,5,0.2898850664075154,0.16417745218617727,0.25,0.0,1.0,6125,50,5
IGM,Korea COVID-19 (CODA),Korea COVID-19,regression,SNN-FS,5,0.2832193067703272,0.1630976599189563,0.25,0.0,1.0,6125,50,5
IGM,Korea COVID-19 (CODA),Korea COVID-19,regression,StabilitySelection,5,0.24798730158730156,0.15333094581973875,0.25,0.0,1.0,6125,50,5
IGM,Korea COVID-19 (CODA),Korea COVID-19,regression,LLSS,5,0.24472238419177195,0.1600407504234578,0.25,0.0,1.0,6125,50,5
IGM,Korea COVID-19 (CODA),Korea COVID-19,regression,ElasticNet,5,0.23771117589893098,0.15836951582973036,0.25,0.0,1.0,6125,50,5
IGM,Korea COVID-19 (CODA),Korea COVID-19,regression,MutualInfo,5,0.17747146096533847,0.14542787927155998,0.14285714285714285,0.0,1.0,6125,50,5
IGM,Korea COVID-19 (CODA),Korea COVID-19,regression,RandomForest,5,0.16582338840298022,0.13487360711969779,0.14285714285714285,0.0,1.0,6125,50,5
IGM,Korea COVID-19 (CODA),Korea COVID-19,regression,Boruta,5,0.14645908649173955,0.12760597557922587,0.14285714285714285,0.0,1.0,6125,50,5
IGM,Korea COVID-19 (CODA),Korea COVID-19,regression,LongGroupLasso,10,0.3494211359402235,0.15342190215781934,0.3333333333333333,0.0,1.0,6125,50,5
IGM,Korea COVID-19 (CODA),Korea COVID-19,regression,Stabl-RP,10,0.3259694900130864,0.1421944944601156,0.3,0.0,1.0,6125,50,5
IGM,Korea COVID-19 (CODA),Korea COVID-19,regression,OutcomeSNN-FS,10,0.3220197252927145,0.13186457423241957,0.3,0.0,1.0,6125,50,5
IGM,Korea COVID-19 (CODA),Korea COVID-19,regression,mRMR,10,0.3117040983152817,0.15440097280954077,0.3,0.0,1.0,6125,50,5
IGM,Korea COVID-19 (CODA),Korea COVID-19,regression,Lasso,10,0.26664736543968237,0.14255641909798897,0.25,0.0,1.0,6125,50,5
IGM,Korea COVID-19 (CODA),Korea COVID-19,regression,SNN-FS,10,0.25813461029398355,0.13495680121550566,0.25,0.0,1.0,6125,50,5
IGM,Korea COVID-19 (CODA),Korea COVID-19,regression,LLSS,10,0.25790174200040883,0.1476888782782099,0.25,0.0,1.0,6125,50,5
IGM,Korea COVID-19 (CODA),Korea COVID-19,regression,StabilitySelection,10,0.25047420370675566,0.1324154966309794,0.25,0.0,1.0,6125,50,5
IGM,Korea COVID-19 (CODA),Korea COVID-19,regression,geeVerse,10,0.25046542570828917,0.19992881207399138,0.2,0.0,1.0,6125,50,5
IGM,Korea COVID-19 (CODA),Korea COVID-19,regression,ElasticNet,10,0.23038947053522144,0.13410764070810746,0.2,0.0,1.0,6125,50,5
IGM,Korea COVID-19 (CODA),Korea COVID-19,regression,RandomForest,10,0.17730348950418454,0.11687579837379194,0.17647058823529413,0.0,1.0,6125,50,5
IGM,Korea COVID-19 (CODA),Korea COVID-19,regression,MutualInfo,10,0.17428009192214663,0.1210580243379705,0.17647058823529413,0.0,1.0,6125,50,5
IGM,Korea COVID-19 (CODA),Korea COVID-19,regression,Boruta,10,0.15644916276341056,0.11214569471815103,0.15384615384615385,0.0,1.0,6125,50,5
KARE_STATUS,KARE,Korea KARE,regression,Stabl-RP,3,0.700995918367347,0.2646195415677935,0.5,0.2,1.0,6125,50,5
KARE_STATUS,KARE,Korea KARE,regression,Boruta,3,0.6855836734693878,0.24528108030424334,0.5,0.2,1.0,6125,50,5
KARE_STATUS,KARE,Korea KARE,regression,RandomForest,3,0.6822040816326531,0.24428819434659424,0.5,0.2,1.0,6125,50,5
KARE_STATUS,KARE,Korea KARE,regression,mRMR,3,0.630742857142857,0.2775808530507913,0.5,0.2,1.0,6125,50,5
KARE_STATUS,KARE,Korea KARE,regression,OutcomeSNN-FS,3,0.6196734693877551,0.25626676776440216,0.5,0.0,1.0,6125,50,5
KARE_STATUS,KARE,Korea KARE,regression,LongGroupLasso,3,0.5973061224489796,0.2565935056513653,0.5,0.2,1.0,6125,50,5
KARE_STATUS,KARE,Korea KARE,regression,SNN-FS,3,0.587395918367347,0.2744946561954818,0.5,0.0,1.0,6125,50,5
KARE_STATUS,KARE,Korea KARE,regression,Lasso,3,0.581273469387755,0.26178994568069186,0.5,0.0,1.0,6125,50,5
KARE_STATUS,KARE,Korea KARE,regression,LLSS,3,0.578530612244898,0.25809138918509056,0.5,0.2,1.0,6125,50,5
KARE_STATUS,KARE,Korea KARE,regression,ElasticNet,3,0.448930612244898,0.23771772154980686,0.5,0.0,1.0,6125,50,5
KARE_STATUS,KARE,Korea KARE,regression,geeVerse,3,0.42576326530612246,0.251499278571389,0.5,0.0,1.0,6125,50,5
KARE_STATUS,KARE,Korea KARE,regression,StabilitySelection,3,0.24752653061224492,0.2077432419169817,0.2,0.0,1.0,6125,50,5
KARE_STATUS,KARE,Korea KARE,regression,MutualInfo,3,0.2064163265306123,0.16346481072318286,0.2,0.0,1.0,6125,50,5
KARE_STATUS,KARE,Korea KARE,regression,mRMR,5,0.7048995140913508,0.17487776747378336,0.6666666666666666,0.14285714285714285,1.0,6125,50,5
KARE_STATUS,KARE,Korea KARE,regression,RandomForest,5,0.6813135082604472,0.16047959914924353,0.6666666666666666,0.25,1.0,6125,50,5
KARE_STATUS,KARE,Korea KARE,regression,Boruta,5,0.6647817298347911,0.158505474414562,0.6666666666666666,0.25,1.0,6125,50,5
KARE_STATUS,KARE,Korea KARE,regression,OutcomeSNN-FS,5,0.6633807580174927,0.18104837436382687,0.6666666666666666,0.25,1.0,6125,50,5
KARE_STATUS,KARE,Korea KARE,regression,LongGroupLasso,5,0.658175315840622,0.1771007165315275,0.6666666666666666,0.14285714285714285,1.0,6125,50,5
KARE_STATUS,KARE,Korea KARE,regression,Lasso,5,0.6132763200518302,0.18482073953098163,0.6666666666666666,0.1111111111111111,1.0,6125,50,5
KARE_STATUS,KARE,Korea KARE,regression,LLSS,5,0.6032651765468092,0.1804607382142051,0.6666666666666666,0.1111111111111111,1.0,6125,50,5
KARE_STATUS,KARE,Korea KARE,regression,geeVerse,5,0.5879643666990606,0.21641624286548727,0.6666666666666666,0.0,1.0,6125,50,5
KARE_STATUS,KARE,Korea KARE,regression,SNN-FS,5,0.5730162617427924,0.1686984651175935,0.6666666666666666,0.1111111111111111,1.0,6125,50,5
KARE_STATUS,KARE,Korea KARE,regression,Stabl-RP,5,0.5703440233236152,0.1655878711775361,0.6666666666666666,0.1111111111111111,1.0,6125,50,5
KARE_STATUS,KARE,Korea KARE,regression,ElasticNet,5,0.5248939423388403,0.17878013424502964,0.42857142857142855,0.1111111111111111,1.0,6125,50,5
KARE_STATUS,KARE,Korea KARE,regression,StabilitySelection,5,0.3705849044379656,0.17939529743802254,0.42857142857142855,0.0,1.0,6125,50,5
KARE_STATUS,KARE,Korea KARE,regression,MutualInfo,5,0.20482215743440232,0.12358700955987896,0.25,0.0,1.0,6125,50,5
KARE_STATUS,KARE,Korea KARE,regression,geeVerse,10,0.6767810692708652,0.12610768068429337,0.6666666666666666,0.3333333333333333,1.0,6125,50,5
KARE_STATUS,KARE,Korea KARE,regression,LLSS,10,0.6277958069141742,0.1716791580157575,0.6666666666666666,0.14285714285714285,1.0,6125,50,5
KARE_STATUS,KARE,Korea KARE,regression,ElasticNet,10,0.6180484975342118,0.1506971882980597,0.6666666666666666,0.1111111111111111,1.0,6125,50,5
KARE_STATUS,KARE,Korea KARE,regression,LongGroupLasso,10,0.6141932108707618,0.14358022864700978,0.6666666666666666,0.25,1.0,6125,50,5
KARE_STATUS,KARE,Korea KARE,regression,Lasso,10,0.6110913902424107,0.1535853296802013,0.6666666666666666,0.18181818181818182,1.0,6125,50,5
KARE_STATUS,KARE,Korea KARE,regression,RandomForest,10,0.5805868172643683,0.1558727986414852,0.5384615384615384,0.25,1.0,6125,50,5
KARE_STATUS,KARE,Korea KARE,regression,mRMR,10,0.5711435747925544,0.13888619855788809,0.5384615384615384,0.14285714285714285,1.0,6125,50,5
KARE_STATUS,KARE,Korea KARE,regression,OutcomeSNN-FS,10,0.5516149537537293,0.12328296114224481,0.5384615384615384,0.25,1.0,6125,50,5
KARE_STATUS,KARE,Korea KARE,regression,SNN-FS,10,0.5481009602642256,0.13448916748003475,0.5384615384615384,0.18181818181818182,1.0,6125,50,5
KARE_STATUS,KARE,Korea KARE,regression,Stabl-RP,10,0.5362970892253005,0.14228487567998785,0.5384615384615384,0.15384615384615385,1.0,6125,50,5
KARE_STATUS,KARE,Korea KARE,regression,Boruta,10,0.5330193425621997,0.14152997820403915,0.5384615384615384,0.18181818181818182,1.0,6125,50,5
KARE_STATUS,KARE,Korea KARE,regression,StabilitySelection,10,0.529307649693244,0.13005663544473287,0.5384615384615384,0.08333333333333333,1.0,6125,50,5
KARE_STATUS,KARE,Korea KARE,regression,MutualInfo,10,0.25713409967103024,0.09872406458022377,0.25,0.0,0.6666666666666666,6125,50,5
OLINK_COVID,Olink COVID,Olink COVID,classification,LongGroupLasso,3,0.38920816326530616,0.2780321406947064,0.5,0.0,1.0,6125,50,5
OLINK_COVID,Olink COVID,Olink COVID,classification,LLSS,3,0.37551020408163266,0.2804093683916723,0.5,0.0,1.0,6125,50,5
OLINK_COVID,Olink COVID,Olink COVID,classification,mRMR,3,0.28168163265306123,0.22759666416450433,0.2,0.0,1.0,6125,50,5
OLINK_COVID,Olink COVID,Olink COVID,classification,ElasticNet,3,0.2811265306122449,0.22530124508104946,0.2,0.0,1.0,6125,50,5
OLINK_COVID,Olink COVID,Olink COVID,classification,RandomForest,3,0.27110204081632655,0.2143165664704867,0.2,0.0,1.0,6125,50,5
OLINK_COVID,Olink COVID,Olink COVID,classification,StabilitySelection,3,0.26424489795918366,0.2128580790832305,0.2,0.0,1.0,6125,50,5
OLINK_COVID,Olink COVID,Olink COVID,classification,MutualInfo,3,0.24089795918367346,0.22564410355046952,0.2,0.0,1.0,6125,50,5
OLINK_COVID,Olink COVID,Olink COVID,classification,SNN-FS,3,0.21467755102040817,0.20319560360686356,0.2,0.0,1.0,6125,50,5
OLINK_COVID,Olink COVID,Olink COVID,classification,Lasso,3,0.20078367346938775,0.19867960545807165,0.2,0.0,1.0,6125,50,5
OLINK_COVID,Olink COVID,Olink COVID,classification,OutcomeSNN-FS,3,0.19991836734693877,0.2071351187287884,0.2,0.0,1.0,6125,50,5
OLINK_COVID,Olink COVID,Olink COVID,classification,Boruta,3,0.19688163265306124,0.19193845933627526,0.2,0.0,1.0,6125,50,5
OLINK_COVID,Olink COVID,Olink COVID,classification,Stabl-RP,3,0.16893061224489797,0.1839393552218923,0.2,0.0,1.0,6125,50,5
OLINK_COVID,Olink COVID,Olink COVID,classification,LLSS,5,0.4055152575315841,0.23532999442182612,0.42857142857142855,0.0,1.0,6125,50,5
OLINK_COVID,Olink COVID,Olink COVID,classification,LongGroupLasso,5,0.3901878846776805,0.22799312878795588,0.42857142857142855,0.0,1.0,6125,50,5
OLINK_COVID,Olink COVID,Olink COVID,classification,MutualInfo,5,0.30939423388402976,0.20782856801404778,0.25,0.0,1.0,6125,50,5
OLINK_COVID,Olink COVID,Olink COVID,classification,mRMR,5,0.3006020084224166,0.20712280935212174,0.25,0.0,1.0,6125,50,5
OLINK_COVID,Olink COVID,Olink COVID,classification,StabilitySelection,5,0.29491558147068353,0.17437372691780328,0.25,0.0,1.0,6125,50,5
OLINK_COVID,Olink COVID,Olink COVID,classification,RandomForest,5,0.28574408811143504,0.17833125590914284,0.25,0.0,1.0,6125,50,5
OLINK_COVID,Olink COVID,Olink COVID,classification,ElasticNet,5,0.27890689990281825,0.17381645995379702,0.25,0.0,1.0,6125,50,5
OLINK_COVID,Olink COVID,Olink COVID,classification,OutcomeSNN-FS,5,0.24289990281827015,0.17258236252996054,0.25,0.0,1.0,6125,50,5
OLINK_COVID,Olink COVID,Olink COVID,classification,SNN-FS,5,0.24274622610949143,0.17099803712932482,0.25,0.0,1.0,6125,50,5
OLINK_COVID,Olink COVID,Olink COVID,classification,Boruta,5,0.21437641723356007,0.16681831849515277,0.2,0.0,1.0,6125,50,5
OLINK_COVID,Olink COVID,Olink COVID,classification,Lasso,5,0.21372491091674764,0.16370498568634875,0.14285714285714285,0.0,1.0,6125,50,5
OLINK_COVID,Olink COVID,Olink COVID,classification,Stabl-RP,5,0.1949880142533204,0.1574269716299804,0.14285714285714285,0.0,1.0,6125,50,5
OLINK_COVID,Olink COVID,Olink COVID,classification,LLSS,10,0.3683954629337582,0.19277396475250103,0.3333333333333333,0.0,1.0,6125,50,5
OLINK_COVID,Olink COVID,Olink COVID,classification,LongGroupLasso,10,0.3284192202060907,0.18007421433996268,0.3,0.0,1.0,6125,50,5
OLINK_COVID,Olink COVID,Olink COVID,classification,MutualInfo,10,0.30686464926437124,0.18221377479195844,0.3,0.0,1.0,6125,50,5
OLINK_COVID,Olink COVID,Olink COVID,classification,mRMR,10,0.29113479598334596,0.18619741194310566,0.25,0.0,1.0,6125,50,5
OLINK_COVID,Olink COVID,Olink COVID,classification,StabilitySelection,10,0.2789616264515866,0.14179212207144556,0.25,0.0,1.0,6125,50,5
OLINK_COVID,Olink COVID,Olink COVID,classification,ElasticNet,10,0.276461998974187,0.14443167106348478,0.25,0.0,1.0,6125,50,5
OLINK_COVID,Olink COVID,Olink COVID,classification,RandomForest,10,0.2758906607513924,0.15621727601728816,0.25,0.0,1.0,6125,50,5
OLINK_COVID,Olink COVID,Olink COVID,classification,OutcomeSNN-FS,10,0.26518031953654625,0.15712518391121408,0.25,0.0,1.0,6125,50,5
OLINK_COVID,Olink COVID,Olink COVID,classification,SNN-FS,10,0.2516526704847422,0.14694736679297563,0.25,0.0,1.0,6125,50,5
OLINK_COVID,Olink COVID,Olink COVID,classification,Lasso,10,0.2184705754682124,0.13733893397308322,0.18181818181818182,0.0,1.0,6125,50,5
OLINK_COVID,Olink COVID,Olink COVID,classification,Stabl-RP,10,0.21003703560958883,0.137486151473624,0.18181818181818182,0.0,1.0,6125,50,5
OLINK_COVID,Olink COVID,Olink COVID,classification,Boruta,10,0.20694968125182314,0.14452253971931983,0.18181818181818182,0.0,1.0,6125,50,5
PE,Stanford PE,Stanford PE,classification,ElasticNet,3,0.27105306122448986,0.19970492101918413,0.2,0.0,1.0,6125,50,5
PE,Stanford PE,Stanford PE,classification,LLSS,3,0.2589714285714286,0.1630255256447806,0.2,0.0,1.0,6125,50,5
PE,Stanford PE,Stanford PE,classification,StabilitySelection,3,0.2422040816326531,0.1951151684296542,0.2,0.0,1.0,6125,50,5
PE,Stanford PE,Stanford PE,classification,Lasso,3,0.23252244897959184,0.19412565378744734,0.2,0.0,1.0,6125,50,5
PE,Stanford PE,Stanford PE,classification,SNN-FS,3,0.2144326530612245,0.19490746831927105,0.2,0.0,1.0,6125,50,5
PE,Stanford PE,Stanford PE,classification,LongGroupLasso,3,0.19510204081632654,0.1894304870120336,0.2,0.0,1.0,6125,50,5
PE,Stanford PE,Stanford PE,classification,mRMR,3,0.18476734693877553,0.16841016763815203,0.2,0.0,1.0,6125,50,5
PE,Stanford PE,Stanford PE,classification,RandomForest,3,0.14870204081632651,0.16774631967239464,0.2,0.0,1.0,6125,50,5
PE,Stanford PE,Stanford PE,classification,OutcomeSNN-FS,3,0.1469551020408163,0.1626927398656951,0.2,0.0,1.0,6125,50,5
PE,Stanford PE,Stanford PE,classification,Boruta,3,0.1082612244897959,0.145239043730596,0.0,0.0,1.0,6125,50,5
PE,Stanford PE,Stanford PE,classification,MutualInfo,3,0.09751836734693876,0.1353336583518638,0.0,0.0,1.0,6125,50,5
PE,Stanford PE,Stanford PE,classification,Stabl-RP,3,0.0913795918367347,0.13741860749306495,0.0,0.0,1.0,6125,50,5
PE,Stanford PE,Stanford PE,classification,ElasticNet,5,0.27185293164885,0.15034278951218943,0.25,0.0,1.0,6125,50,5
PE,Stanford PE,Stanford PE,classification,Lasso,5,0.25279080012957567,0.15336557547864046,0.25,0.0,1.0,6125,50,5
PE,Stanford PE,Stanford PE,classification,SNN-FS,5,0.24705694849368318,0.15841092124937506,0.25,0.0,1.0,6125,50,5
PE,Stanford PE,Stanford PE,classification,StabilitySelection,5,0.23962967282150952,0.1474073530303855,0.25,0.0,1.0,6125,50,5
PE,Stanford PE,Stanford PE,classification,LongGroupLasso,5,0.23667845804988663,0.16131488756063375,0.25,0.0,1.0,6125,50,5
PE,Stanford PE,Stanford PE,classification,LLSS,5,0.21513313896987366,0.1295107448094676,0.14285714285714285,0.0,1.0,6125,50,5
PE,Stanford PE,Stanford PE,classification,mRMR,5,0.20067573696145122,0.13819026420532027,0.14285714285714285,0.0,1.0,6125,50,5
PE,Stanford PE,Stanford PE,classification,RandomForest,5,0.16775056689342402,0.13459430845359166,0.14285714285714285,0.0,1.0,6125,50,5
PE,Stanford PE,Stanford PE,classification,OutcomeSNN-FS,5,0.16462831227729186,0.13308366070094596,0.1111111111111111,0.0,0.6666666666666666,6125,50,5
PE,Stanford PE,Stanford PE,classification,Boruta,5,0.1248594752186589,0.12048796863890673,0.1111111111111111,0.0,1.0,6125,50,5
PE,Stanford PE,Stanford PE,classification,MutualInfo,5,0.10798380304502753,0.11081496231560074,0.1111111111111111,0.0,1.0,6125,50,5
PE,Stanford PE,Stanford PE,classification,Stabl-RP,5,0.10266239067055392,0.11300414842159208,0.1111111111111111,0.0,1.0,6125,50,5
PE,Stanford PE,Stanford PE,classification,ElasticNet,10,0.2535487125400312,0.12070228810622684,0.25,0.0,1.0,6125,50,5
PE,Stanford PE,Stanford PE,classification,SNN-FS,10,0.24668306017466313,0.12059359865747481,0.25,0.0,1.0,6125,50,5
PE,Stanford PE,Stanford PE,classification,Lasso,10,0.24136968499091455,0.12229814587252817,0.25,0.0,1.0,6125,50,5
PE,Stanford PE,Stanford PE,classification,LongGroupLasso,10,0.22778986360620276,0.1258552818374147,0.25,0.0,1.0,6125,50,5
PE,Stanford PE,Stanford PE,classification,StabilitySelection,10,0.2169871072154259,0.11242925943809841,0.18181818181818182,0.0,1.0,6125,50,5
PE,Stanford PE,Stanford PE,classification,mRMR,10,0.20788788769131222,0.1190557912059485,0.18181818181818182,0.0,1.0,6125,50,5
PE,Stanford PE,Stanford PE,classification,LLSS,10,0.18656633847257464,0.10901586556149236,0.17647058823529413,0.0,1.0,6125,50,5
PE,Stanford PE,Stanford PE,classification,OutcomeSNN-FS,10,0.1757207191115575,0.11065832600000859,0.17647058823529413,0.0,0.8181818181818182,6125,50,5
PE,Stanford PE,Stanford PE,classification,RandomForest,10,0.1719510216453162,0.1092947597682678,0.15384615384615385,0.0,1.0,6125,50,5
PE,Stanford PE,Stanford PE,classification,Boruta,10,0.13055213510961283,0.09849242239915518,0.1111111111111111,0.0,1.0,6125,50,5
PE,Stanford PE,Stanford PE,classification,MutualInfo,10,0.11784297074982611,0.09139944036183013,0.1111111111111111,0.0,1.0,6125,50,5
PE,Stanford PE,Stanford PE,classification,Stabl-RP,10,0.10898035241648056,0.09219142155107007,0.08333333333333333,0.0,1.0,6125,50,5
PE_LOPE_MATCHED,Stanford PE,Stanford PE,classification,MutualInfo,3,0.22197551020408163,0.14345171965872522,0.2,0.0,1.0,6125,50,5
PE_LOPE_MATCHED,Stanford PE,Stanford PE,classification,LongGroupLasso,3,0.2120979591836735,0.18528207758200507,0.2,0.0,1.0,6125,50,5
PE_LOPE_MATCHED,Stanford PE,Stanford PE,classification,LLSS,3,0.18623673469387755,0.19582920747455754,0.2,0.0,1.0,6125,50,5
PE_LOPE_MATCHED,Stanford PE,Stanford PE,classification,mRMR,3,0.17368163265306122,0.18242393222637832,0.2,0.0,1.0,6125,50,5
PE_LOPE_MATCHED,Stanford PE,Stanford PE,classification,OutcomeSNN-FS,3,0.14434285714285713,0.16610007764477103,0.2,0.0,1.0,6125,50,5
PE_LOPE_MATCHED,Stanford PE,Stanford PE,classification,ElasticNet,3,0.1318204081632653,0.15008608592712874,0.2,0.0,1.0,6125,50,5
PE_LOPE_MATCHED,Stanford PE,Stanford PE,classification,StabilitySelection,3,0.11513469387755103,0.14335203631526602,0.0,0.0,1.0,6125,50,5
PE_LOPE_MATCHED,Stanford PE,Stanford PE,classification,Lasso,3,0.1133061224489796,0.14657284021480996,0.0,0.0,1.0,6125,50,5
PE_LOPE_MATCHED,Stanford PE,Stanford PE,classification,SNN-FS,3,0.08960000000000001,0.13371025539249434,0.0,0.0,1.0,6125,50,5
PE_LOPE_MATCHED,Stanford PE,Stanford PE,classification,RandomForest,3,0.08602448979591837,0.12772419891058184,0.0,0.0,1.0,6125,50,5
PE_LOPE_MATCHED,Stanford PE,Stanford PE,classification,Stabl-RP,3,0.06231836734693878,0.11508032521424463,0.0,0.0,1.0,6125,50,5
PE_LOPE_MATCHED,Stanford PE,Stanford PE,classification,Boruta,3,0.054253061224489786,0.10253299779114464,0.0,0.0,1.0,6125,50,5
PE_LOPE_MATCHED,Stanford PE,Stanford PE,classification,LongGroupLasso,5,0.20981665046971168,0.15409369936310222,0.14285714285714285,0.0,1.0,6125,50,5
PE_LOPE_MATCHED,Stanford PE,Stanford PE,classification,LLSS,5,0.20303608681567864,0.16301015923226844,0.14285714285714285,0.0,1.0,6125,50,5
PE_LOPE_MATCHED,Stanford PE,Stanford PE,classification,mRMR,5,0.1891873015873016,0.1451815938787225,0.14285714285714285,0.0,1.0,6125,50,5
PE_LOPE_MATCHED,Stanford PE,Stanford PE,classification,MutualInfo,5,0.1823725299643667,0.11687462361901868,0.14285714285714285,0.0,1.0,6125,50,5
PE_LOPE_MATCHED,Stanford PE,Stanford PE,classification,OutcomeSNN-FS,5,0.15935108519598315,0.13622887079904303,0.1111111111111111,0.0,1.0,6125,50,5
PE_LOPE_MATCHED,Stanford PE,Stanford PE,classification,ElasticNet,5,0.15389944930353094,0.12833836747534888,0.1111111111111111,0.0,1.0,6125,50,5
PE_LOPE_MATCHED,Stanford PE,Stanford PE,classification,Lasso,5,0.1301560090702948,0.12001497399637838,0.1111111111111111,0.0,0.6666666666666666,6125,50,5
PE_LOPE_MATCHED,Stanford PE,Stanford PE,classification,StabilitySelection,5,0.12891013929381276,0.118591816094232,0.1111111111111111,0.0,0.6666666666666666,6125,50,5
PE_LOPE_MATCHED,Stanford PE,Stanford PE,classification,SNN-FS,5,0.11011648850016197,0.11753594622858306,0.1111111111111111,0.0,1.0,6125,50,5
PE_LOPE_MATCHED,Stanford PE,Stanford PE,classification,RandomForest,5,0.09514350502105604,0.10749359454405105,0.1111111111111111,0.0,0.6666666666666666,6125,50,5
PE_LOPE_MATCHED,Stanford PE,Stanford PE,classification,Stabl-RP,5,0.08014577259475218,0.10217794738214353,0.0,0.0,0.6666666666666666,6125,50,5
PE_LOPE_MATCHED,Stanford PE,Stanford PE,classification,Boruta,5,0.06754454162617428,0.08752405307496909,0.0,0.0,0.6,6125,50,5
PE_LOPE_MATCHED,Stanford PE,Stanford PE,classification,LLSS,10,0.2034417357794372,0.13536046318443526,0.18181818181818182,0.0,1.0,6125,50,5
PE_LOPE_MATCHED,Stanford PE,Stanford PE,classification,LongGroupLasso,10,0.19235489668885764,0.12428412399768482,0.17647058823529413,0.0,1.0,6125,50,5
PE_LOPE_MATCHED,Stanford PE,Stanford PE,classification,mRMR,10,0.19195169356524003,0.11981511872715836,0.17647058823529413,0.0,1.0,6125,50,5
PE_LOPE_MATCHED,Stanford PE,Stanford PE,classification,OutcomeSNN-FS,10,0.16284882505993267,0.11107255820379132,0.15384615384615385,0.0,1.0,6125,50,5
PE_LOPE_MATCHED,Stanford PE,Stanford PE,classification,MutualInfo,10,0.15711414121566394,0.09250768490333193,0.15384615384615385,0.0,0.6666666666666666,6125,50,5
PE_LOPE_MATCHED,Stanford PE,Stanford PE,classification,ElasticNet,10,0.15465363301918555,0.10301347672220956,0.15384615384615385,0.0,0.6666666666666666,6125,50,5
PE_LOPE_MATCHED,Stanford PE,Stanford PE,classification,StabilitySelection,10,0.1415146534474771,0.1006631948144723,0.14285714285714285,0.0,0.6666666666666666,6125,50,5
PE_LOPE_MATCHED,Stanford PE,Stanford PE,classification,Lasso,10,0.14033713205912612,0.09861162663373738,0.14285714285714285,0.0,0.6666666666666666,6125,50,5
PE_LOPE_MATCHED,Stanford PE,Stanford PE,classification,SNN-FS,10,0.13223194971733543,0.10236192426204409,0.1111111111111111,0.0,1.0,6125,50,5
PE_LOPE_MATCHED,Stanford PE,Stanford PE,classification,RandomForest,10,0.10366624657469416,0.09318550564666793,0.08333333333333333,0.0,0.6666666666666666,6125,50,5
PE_LOPE_MATCHED,Stanford PE,Stanford PE,classification,Stabl-RP,10,0.09362888237055167,0.09207585768588653,0.07142857142857142,0.0,0.6666666666666666,6125,50,5
PE_LOPE_MATCHED,Stanford PE,Stanford PE,classification,Boruta,10,0.07958328428519873,0.07672313823276494,0.07142857142857142,0.0,0.5,6125,50,5
TRA,Korea COVID-19 (CODA),Korea COVID-19,regression,geeVerse,3,0.43022040816326534,0.36404277155940584,0.5,0.0,1.0,6125,50,5
TRA,Korea COVID-19 (CODA),Korea COVID-19,regression,mRMR,3,0.41454693877551024,0.21723346159804138,0.5,0.0,1.0,6125,50,5
TRA,Korea COVID-19 (CODA),Korea COVID-19,regression,LLSS,3,0.39488979591836737,0.20468470385019608,0.5,0.0,1.0,6125,50,5
TRA,Korea COVID-19 (CODA),Korea COVID-19,regression,LongGroupLasso,3,0.3903836734693878,0.21618976410342347,0.5,0.0,1.0,6125,50,5
TRA,Korea COVID-19 (CODA),Korea COVID-19,regression,Stabl-RP,3,0.3447183673469389,0.2107270388658189,0.2,0.0,1.0,6125,50,5
TRA,Korea COVID-19 (CODA),Korea COVID-19,regression,OutcomeSNN-FS,3,0.28204081632653066,0.17872858625139496,0.2,0.0,1.0,6125,50,5
TRA,Korea COVID-19 (CODA),Korea COVID-19,regression,RandomForest,3,0.25435102040816326,0.19234897852735378,0.2,0.0,1.0,6125,50,5
TRA,Korea COVID-19 (CODA),Korea COVID-19,regression,Lasso,3,0.22470204081632655,0.18908515927127734,0.2,0.0,1.0,6125,50,5
TRA,Korea COVID-19 (CODA),Korea COVID-19,regression,SNN-FS,3,0.2237387755102041,0.17829128646221093,0.2,0.0,1.0,6125,50,5
TRA,Korea COVID-19 (CODA),Korea COVID-19,regression,Boruta,3,0.20657959183673472,0.18265980738340026,0.2,0.0,1.0,6125,50,5
TRA,Korea COVID-19 (CODA),Korea COVID-19,regression,ElasticNet,3,0.19562448979591837,0.19139844952478482,0.2,0.0,1.0,6125,50,5
TRA,Korea COVID-19 (CODA),Korea COVID-19,regression,StabilitySelection,3,0.1819591836734694,0.1786061177466351,0.2,0.0,1.0,6125,50,5
TRA,Korea COVID-19 (CODA),Korea COVID-19,regression,MutualInfo,3,0.07764897959183674,0.12115419330024417,0.0,0.0,1.0,6125,50,5
TRA,Korea COVID-19 (CODA),Korea COVID-19,regression,geeVerse,5,0.4384989957887917,0.235868658864873,0.42857142857142855,0.0,1.0,6125,50,5
TRA,Korea COVID-19 (CODA),Korea COVID-19,regression,LongGroupLasso,5,0.4212213799805637,0.17875066762886685,0.42857142857142855,0.0,1.0,6125,50,5
TRA,Korea COVID-19 (CODA),Korea COVID-19,regression,mRMR,5,0.38322734045999346,0.1641018772122078,0.3333333333333333,0.0,1.0,6125,50,5
TRA,Korea COVID-19 (CODA),Korea COVID-19,regression,Stabl-RP,5,0.36640531260123094,0.17192529732806916,0.3333333333333333,0.0,1.0,6125,50,5
TRA,Korea COVID-19 (CODA),Korea COVID-19,regression,LLSS,5,0.35599028182701653,0.1644215704952686,0.3333333333333333,0.1111111111111111,1.0,6125,50,5
TRA,Korea COVID-19 (CODA),Korea COVID-19,regression,RandomForest,5,0.30893618399740846,0.17203841896158809,0.25,0.0,1.0,6125,50,5
TRA,Korea COVID-19 (CODA),Korea COVID-19,regression,Boruta,5,0.2713271137026239,0.16722789195338753,0.25,0.0,1.0,6125,50,5
TRA,Korea COVID-19 (CODA),Korea COVID-19,regression,OutcomeSNN-FS,5,0.2611733074182054,0.14184225675968623,0.25,0.0,1.0,6125,50,5
TRA,Korea COVID-19 (CODA),Korea COVID-19,regression,Lasso,5,0.24056520894071917,0.15241924273014618,0.25,0.0,1.0,6125,50,5
TRA,Korea COVID-19 (CODA),Korea COVID-19,regression,SNN-FS,5,0.22202993197278909,0.1499796527619047,0.2,0.0,1.0,6125,50,5
TRA,Korea COVID-19 (CODA),Korea COVID-19,regression,ElasticNet,5,0.19819941690962098,0.14968078146512093,0.14285714285714285,0.0,1.0,6125,50,5
TRA,Korea COVID-19 (CODA),Korea COVID-19,regression,StabilitySelection,5,0.19795840621963073,0.1426279438614166,0.14285714285714285,0.0,1.0,6125,50,5
TRA,Korea COVID-19 (CODA),Korea COVID-19,regression,MutualInfo,5,0.10214849368318756,0.10802640902695286,0.1111111111111111,0.0,0.6666666666666666,6125,50,5
TRA,Korea COVID-19 (CODA),Korea COVID-19,regression,geeVerse,10,0.49253403165987986,0.20772481450549252,0.5,0.0,1.0,6125,50,5
TRA,Korea COVID-19 (CODA),Korea COVID-19,regression,LongGroupLasso,10,0.39118370688934906,0.1484087154393971,0.36363636363636365,0.07142857142857142,1.0,6125,50,5
TRA,Korea COVID-19 (CODA),Korea COVID-19,regression,mRMR,10,0.37010806070013746,0.15641034961162953,0.3333333333333333,0.0,1.0,6125,50,5
TRA,Korea COVID-19 (CODA),Korea COVID-19,regression,Stabl-RP,10,0.34536052636172676,0.14059880014427373,0.3333333333333333,0.0,1.0,6125,50,5
TRA,Korea COVID-19 (CODA),Korea COVID-19,regression,LLSS,10,0.3349138961878458,0.15307932068914262,0.3333333333333333,0.07142857142857142,1.0,6125,50,5
TRA,Korea COVID-19 (CODA),Korea COVID-19,regression,RandomForest,10,0.3188255490737578,0.15231359069077324,0.3,0.0,1.0,6125,50,5
TRA,Korea COVID-19 (CODA),Korea COVID-19,regression,Boruta,10,0.2857392083426076,0.14356917572708547,0.25,0.0,1.0,6125,50,5
TRA,Korea COVID-19 (CODA),Korea COVID-19,regression,OutcomeSNN-FS,10,0.24188599265073646,0.11893358843291643,0.2,0.0,1.0,6125,50,5
TRA,Korea COVID-19 (CODA),Korea COVID-19,regression,Lasso,10,0.22545540673741848,0.12494616287399209,0.2,0.0,1.0,6125,50,5
TRA,Korea COVID-19 (CODA),Korea COVID-19,regression,SNN-FS,10,0.2155570623853937,0.13422174223349928,0.18181818181818182,0.0,1.0,6125,50,5
TRA,Korea COVID-19 (CODA),Korea COVID-19,regression,StabilitySelection,10,0.20203828454213235,0.11937484329679776,0.18181818181818182,0.0,1.0,6125,50,5
TRA,Korea COVID-19 (CODA),Korea COVID-19,regression,ElasticNet,10,0.19439923348977495,0.1220781374773555,0.18181818181818182,0.0,1.0,6125,50,5
TRA,Korea COVID-19 (CODA),Korea COVID-19,regression,MutualInfo,10,0.12683392489372144,0.09328307351574039,0.1111111111111111,0.0,0.6666666666666666,6125,50,5
TRB,Korea COVID-19 (CODA),Korea COVID-19,regression,LLSS,3,0.42937142857142857,0.23158009478462785,0.5,0.0,1.0,6125,50,5
TRB,Korea COVID-19 (CODA),Korea COVID-19,regression,geeVerse,3,0.4048489795918367,0.28581931726272364,0.5,0.0,1.0,6125,50,5
TRB,Korea COVID-19 (CODA),Korea COVID-19,regression,OutcomeSNN-FS,3,0.364261224489796,0.22900645245203524,0.2,0.0,1.0,6125,50,5
TRB,Korea COVID-19 (CODA),Korea COVID-19,regression,Stabl-RP,3,0.3396734693877551,0.21556032848218024,0.2,0.0,1.0,6125,50,5
TRB,Korea COVID-19 (CODA),Korea COVID-19,regression,mRMR,3,0.33520000000000005,0.20745844688719353,0.2,0.0,1.0,6125,50,5
TRB,Korea COVID-19 (CODA),Korea COVID-19,regression,LongGroupLasso,3,0.3270040816326531,0.21454063031015752,0.2,0.0,1.0,6125,50,5
TRB,Korea COVID-19 (CODA),Korea COVID-19,regression,RandomForest,3,0.28259591836734693,0.21401145336511757,0.2,0.0,1.0,6125,50,5
TRB,Korea COVID-19 (CODA),Korea COVID-19,regression,SNN-FS,3,0.2789387755102041,0.18905515614270813,0.2,0.0,1.0,6125,50,5
TRB,Korea COVID-19 (CODA),Korea COVID-19,regression,Lasso,3,0.2553142857142857,0.2032153041239177,0.2,0.0,1.0,6125,50,5
TRB,Korea COVID-19 (CODA),Korea COVID-19,regression,Boruta,3,0.23025306122448982,0.19931467648035192,0.2,0.0,1.0,6125,50,5
TRB,Korea COVID-19 (CODA),Korea COVID-19,regression,MutualInfo,3,0.1729142857142857,0.167217048999674,0.2,0.0,1.0,6125,50,5
TRB,Korea COVID-19 (CODA),Korea COVID-19,regression,ElasticNet,3,0.16842448979591834,0.17200041787812592,0.2,0.0,1.0,6125,50,5
TRB,Korea COVID-19 (CODA),Korea COVID-19,regression,StabilitySelection,3,0.16617142857142855,0.165644398103655,0.2,0.0,1.0,6125,50,5
TRB,Korea COVID-19 (CODA),Korea COVID-19,regression,geeVerse,5,0.43013527696792997,0.20425753017622816,0.42857142857142855,0.0,1.0,6125,50,5
TRB,Korea COVID-19 (CODA),Korea COVID-19,regression,LLSS,5,0.39686867508908324,0.18106686675118622,0.3333333333333333,0.0,1.0,6125,50,5
TRB,Korea COVID-19 (CODA),Korea COVID-19,regression,LongGroupLasso,5,0.37893553611920955,0.1745653591226227,0.3333333333333333,0.0,1.0,6125,50,5
TRB,Korea COVID-19 (CODA),Korea COVID-19,regression,Stabl-RP,5,0.365625267249757,0.17220091660725725,0.3333333333333333,0.0,1.0,6125,50,5
TRB,Korea COVID-19 (CODA),Korea COVID-19,regression,RandomForest,5,0.3474949141561386,0.1879823101171383,0.3333333333333333,0.0,1.0,6125,50,5
TRB,Korea COVID-19 (CODA),Korea COVID-19,regression,mRMR,5,0.3436231940395206,0.1592676377781285,0.3333333333333333,0.0,1.0,6125,50,5
TRB,Korea COVID-19 (CODA),Korea COVID-19,regression,OutcomeSNN-FS,5,0.3417636540330418,0.17139602627726896,0.3333333333333333,0.0,1.0,6125,50,5
TRB,Korea COVID-19 (CODA),Korea COVID-19,regression,Boruta,5,0.29449549724651763,0.169126316077384,0.25,0.0,1.0,6125,50,5
TRB,Korea COVID-19 (CODA),Korea COVID-19,regression,Lasso,5,0.2552130871396177,0.1635878554388077,0.25,0.0,1.0,6125,50,5
TRB,Korea COVID-19 (CODA),Korea COVID-19,regression,SNN-FS,5,0.24951720116618076,0.14708445273487178,0.25,0.0,1.0,6125,50,5
TRB,Korea COVID-19 (CODA),Korea COVID-19,regression,StabilitySelection,5,0.2041976028506641,0.148767056138441,0.14285714285714285,0.0,1.0,6125,50,5
TRB,Korea COVID-19 (CODA),Korea COVID-19,regression,ElasticNet,5,0.18032951085195978,0.14594396866841497,0.14285714285714285,0.0,1.0,6125,50,5
TRB,Korea COVID-19 (CODA),Korea COVID-19,regression,MutualInfo,5,0.1671212180110139,0.12890366343639473,0.14285714285714285,0.0,1.0,6125,50,5
TRB,Korea COVID-19 (CODA),Korea COVID-19,regression,geeVerse,10,0.45346377741239685,0.1929700471383891,0.42857142857142855,0.0,1.0,6125,50,5
TRB,Korea COVID-19 (CODA),Korea COVID-19,regression,LongGroupLasso,10,0.3758072913347823,0.16439954737099718,0.36363636363636365,0.0,1.0,6125,50,5
TRB,Korea COVID-19 (CODA),Korea COVID-19,regression,LLSS,10,0.35421032850036455,0.1601534548028443,0.3333333333333333,0.0,1.0,6125,50,5
TRB,Korea COVID-19 (CODA),Korea COVID-19,regression,Stabl-RP,10,0.34065326590176537,0.1458015501435966,0.3333333333333333,0.0,1.0,6125,50,5
TRB,Korea COVID-19 (CODA),Korea COVID-19,regression,RandomForest,10,0.33478086363697024,0.1599823970152901,0.3333333333333333,0.0,1.0,6125,50,5
TRB,Korea COVID-19 (CODA),Korea COVID-19,regression,mRMR,10,0.3334337117064608,0.14369132505869417,0.3333333333333333,0.0,1.0,6125,50,5
TRB,Korea COVID-19 (CODA),Korea COVID-19,regression,Boruta,10,0.30425860209867284,0.15237300598992376,0.3,0.0,1.0,6125,50,5
TRB,Korea COVID-19 (CODA),Korea COVID-19,regression,OutcomeSNN-FS,10,0.30059237846320674,0.15250572419696273,0.3,0.0,1.0,6125,50,5
TRB,Korea COVID-19 (CODA),Korea COVID-19,regression,Lasso,10,0.23819997324411304,0.14560115905595722,0.2,0.0,1.0,6125,50,5
TRB,Korea COVID-19 (CODA),Korea COVID-19,regression,SNN-FS,10,0.22953890857988918,0.13242186319945148,0.2,0.0,1.0,6125,50,5
TRB,Korea COVID-19 (CODA),Korea COVID-19,regression,StabilitySelection,10,0.21165716204844276,0.13538861914065803,0.18181818181818182,0.0,1.0,6125,50,5
TRB,Korea COVID-19 (CODA),Korea COVID-19,regression,ElasticNet,10,0.17325288698370142,0.12824560675737395,0.15384615384615385,0.0,1.0,6125,50,5
TRB,Korea COVID-19 (CODA),Korea COVID-19,regression,MutualInfo,10,0.16782194904426534,0.10952603693543578,0.15384615384615385,0.0,1.0,6125,50,5
