Task,Method,SelectedPanelSize,MeanJaccard,SDJaccard,Pairs,EvidenceLevel
BRIST1D,Boruta,3,0.6000822199383351,0.24498252777914015,9730,selection stability conditional on the inner-selected panel size
BRIST1D,Boruta,5,0.6127051243330314,0.2044653102159511,946,selection stability conditional on the inner-selected panel size
BRIST1D,Boruta,10,0.8520025429116338,0.11429796681763278,2145,selection stability conditional on the inner-selected panel size
BRIST1D,ElasticNet,3,0.537716129032258,0.26614485712976965,7750,selection stability conditional on the inner-selected panel size
BRIST1D,ElasticNet,5,0.6900192400192399,0.1716864666766424,990,selection stability conditional on the inner-selected panel size
BRIST1D,ElasticNet,10,0.8853279631760645,0.08776230753340625,3160,selection stability conditional on the inner-selected panel size
BRIST1D,LLSS,3,0.3476727473742399,0.25488667498853773,9045,selection stability conditional on the inner-selected panel size
BRIST1D,LLSS,5,0.5600081973321409,0.2018563324769597,2556,selection stability conditional on the inner-selected panel size
BRIST1D,LLSS,10,0.8249605691466158,0.10874925430735194,903,selection stability conditional on the inner-selected panel size
BRIST1D,Lasso,3,0.5287356321839081,0.26688976682901383,6786,selection stability conditional on the inner-selected panel size
BRIST1D,Lasso,5,0.6695960530373112,0.1741187008294289,1081,selection stability conditional on the inner-selected panel size
BRIST1D,Lasso,10,0.8827509016291507,0.08702148413791579,3655,selection stability conditional on the inner-selected panel size
BRIST1D,LongGroupLasso,3,0.5227850877192982,0.24589752134521647,4560,selection stability conditional on the inner-selected panel size
BRIST1D,LongGroupLasso,5,0.6157919660501416,0.20737911777890947,3486,selection stability conditional on the inner-selected panel size
BRIST1D,LongGroupLasso,10,0.844845975280758,0.12022136576691639,2415,selection stability conditional on the inner-selected panel size
BRIST1D,MutualInfo,3,0.6374524400330851,0.24915134892060453,12090,selection stability conditional on the inner-selected panel size
BRIST1D,MutualInfo,5,0.6855207600281493,0.18382022726456673,406,selection stability conditional on the inner-selected panel size
BRIST1D,MutualInfo,10,0.8520979020979021,0.08742031671495579,2080,selection stability conditional on the inner-selected panel size
BRIST1D,OutcomeSNN-FS,3,0.40037419354838716,0.24583481199020116,7750,selection stability conditional on the inner-selected panel size
BRIST1D,OutcomeSNN-FS,5,0.5630778686334242,0.2056598228596209,1485,selection stability conditional on the inner-selected panel size
BRIST1D,OutcomeSNN-FS,10,0.8380450467406989,0.08344621094180601,2415,selection stability conditional on the inner-selected panel size
BRIST1D,PGEE,3,0.6336918551204266,0.26441731246780853,10878,selection stability conditional on the inner-selected panel size
BRIST1D,PGEE,5,0.687633262260128,0.1893090130886167,2278,selection stability conditional on the inner-selected panel size
BRIST1D,PGEE,10,0.8250958785718144,0.1153108589997247,561,selection stability conditional on the inner-selected panel size
BRIST1D,RandomForest,3,0.7475524475524475,0.26073894777929557,10153,selection stability conditional on the inner-selected panel size
BRIST1D,RandomForest,5,0.632095941825006,0.18649316397515506,406,selection stability conditional on the inner-selected panel size
BRIST1D,RandomForest,10,0.826072916982008,0.11048737849395482,3003,selection stability conditional on the inner-selected panel size
BRIST1D,SNN-FS,3,0.5287612903225806,0.2895163771889491,7750,selection stability conditional on the inner-selected panel size
BRIST1D,SNN-FS,5,0.6297313797313798,0.19455290436496692,780,selection stability conditional on the inner-selected panel size
BRIST1D,SNN-FS,10,0.8758339699516171,0.08461940992327642,3570,selection stability conditional on the inner-selected panel size
BRIST1D,StabilitySelection,3,0.42247940777812537,0.24072220146402964,9591,selection stability conditional on the inner-selected panel size
BRIST1D,StabilitySelection,5,0.5947895100069014,0.17710843799283096,1035,selection stability conditional on the inner-selected panel size
BRIST1D,StabilitySelection,10,0.943444055944056,0.08418866713821126,2080,selection stability conditional on the inner-selected panel size
BRIST1D,Stabl-RP,3,0.3045619444948304,0.23049203687985806,11026,selection stability conditional on the inner-selected panel size
BRIST1D,Stabl-RP,5,0.45757994018863585,0.1969616834528949,1035,selection stability conditional on the inner-selected panel size
BRIST1D,Stabl-RP,10,0.8061014182226303,0.10290096824087297,1485,selection stability conditional on the inner-selected panel size
BRIST1D,geeVerse,3,0.6652106885919835,0.235194510598446,9730,selection stability conditional on the inner-selected panel size
BRIST1D,geeVerse,5,0.6485122504286267,0.1926649204764717,861,selection stability conditional on the inner-selected panel size
BRIST1D,geeVerse,10,0.8133663234628995,0.10247761001779768,2278,selection stability conditional on the inner-selected panel size
BRIST1D,glmmLasso,3,0.5779950746052441,0.2824909513895983,6903,selection stability conditional on the inner-selected panel size
BRIST1D,glmmLasso,5,0.5345740200842242,0.18311651820996364,1225,selection stability conditional on the inner-selected panel size
BRIST1D,glmmLasso,10,0.7621107187502851,0.09537036527261965,3321,selection stability conditional on the inner-selected panel size
BRIST1D,mRMR,3,0.5345385202135775,0.27061353877827626,6555,selection stability conditional on the inner-selected panel size
BRIST1D,mRMR,5,0.5815470150515814,0.1972228003078587,2628,selection stability conditional on the inner-selected panel size
BRIST1D,mRMR,10,0.8237264234091312,0.10726812482713537,1891,selection stability conditional on the inner-selected panel size
FPG,Boruta,3,0.7095238095238096,0.24729108800260832,210,selection stability conditional on the inner-selected panel size
FPG,Boruta,5,0.7936507936507937,0.18040707138838755,1485,selection stability conditional on the inner-selected panel size
FPG,Boruta,10,0.6979944291086407,0.12016206815252749,15051,selection stability conditional on the inner-selected panel size
FPG,ElasticNet,3,0.7632275132275133,0.24998070182207013,378,selection stability conditional on the inner-selected panel size
FPG,ElasticNet,5,0.634529673938541,0.17515679017412414,406,selection stability conditional on the inner-selected panel size
FPG,ElasticNet,10,0.6777854953049254,0.10965615056175652,18528,selection stability conditional on the inner-selected panel size
FPG,LLSS,3,0.7321428571428571,0.25393725009168505,28,selection stability conditional on the inner-selected panel size
FPG,LLSS,5,0.7066584209441352,0.15366544518340844,231,selection stability conditional on the inner-selected panel size
FPG,LLSS,10,0.772804544286487,0.11752117428068484,24090,selection stability conditional on the inner-selected panel size
FPG,Lasso,3,0.6875,0.2429563289518875,136,selection stability conditional on the inner-selected panel size
FPG,Lasso,5,0.5354790137398834,0.16794553951980404,253,selection stability conditional on the inner-selected panel size
FPG,Lasso,10,0.6706204101966236,0.12821391477570374,21945,selection stability conditional on the inner-selected panel size
FPG,LongGroupLasso,3,0.906896551724138,0.1948608764303322,435,selection stability conditional on the inner-selected panel size
FPG,LongGroupLasso,5,0.8008440166673325,0.1709833793022643,10731,selection stability conditional on the inner-selected panel size
FPG,LongGroupLasso,10,0.7204972855657787,0.11560364869198904,2628,selection stability conditional on the inner-selected panel size
FPG,MutualInfo,3,0.9629629629629629,0.13113263207824052,351,selection stability conditional on the inner-selected panel size
FPG,MutualInfo,5,0.6916264090177133,0.17960095066193918,1035,selection stability conditional on the inner-selected panel size
FPG,MutualInfo,10,0.5294335424286479,0.11552088160547505,15576,selection stability conditional on the inner-selected panel size
FPG,OutcomeSNN-FS,3,0.782608695652174,0.24831447612127533,276,selection stability conditional on the inner-selected panel size
FPG,OutcomeSNN-FS,5,0.6413165266106443,0.16337527065244636,595,selection stability conditional on the inner-selected panel size
FPG,OutcomeSNN-FS,10,0.6795944204596727,0.1289537779156993,18145,selection stability conditional on the inner-selected panel size
FPG,PGEE,3,0.8766233766233766,0.21602904629346,231,selection stability conditional on the inner-selected panel size
FPG,PGEE,5,0.6988998497949905,0.21264324179475472,2346,selection stability conditional on the inner-selected panel size
FPG,PGEE,10,0.6295158282261221,0.13445983661010372,12561,selection stability conditional on the inner-selected panel size
FPG,RandomForest,3,0.7745098039215687,0.24961270309819497,153,selection stability conditional on the inner-selected panel size
FPG,RandomForest,5,0.7720405431248805,0.18103266478794672,3486,selection stability conditional on the inner-selected panel size
FPG,RandomForest,10,0.6696279451381493,0.11273359505724018,10878,selection stability conditional on the inner-selected panel size
FPG,SNN-FS,3,0.6658730158730158,0.23560722158648711,630,selection stability conditional on the inner-selected panel size
FPG,SNN-FS,5,0.6249279953917051,0.1737121283969534,496,selection stability conditional on the inner-selected panel size
FPG,SNN-FS,10,0.6668093356060085,0.12248472978401818,16471,selection stability conditional on the inner-selected panel size
FPG,StabilitySelection,3,0.4833333333333334,0.2926886855802025,6,selection stability conditional on the inner-selected panel size
FPG,StabilitySelection,5,0.5379081512802444,0.19268761626083278,946,selection stability conditional on the inner-selected panel size
FPG,StabilitySelection,10,0.5228619353459625,0.12968160183736424,20301,selection stability conditional on the inner-selected panel size
FPG,Stabl-RP,3,0.9166666666666666,0.1877669040497027,66,selection stability conditional on the inner-selected panel size
FPG,Stabl-RP,5,0.6022256728778468,0.15345084537982534,276,selection stability conditional on the inner-selected panel size
FPG,Stabl-RP,10,0.8216618623358126,0.11864834481604856,22791,selection stability conditional on the inner-selected panel size
FPG,geeVerse,3,,,0,selection stability conditional on the inner-selected panel size
FPG,geeVerse,5,0.14351851851851852,0.12349922110349006,6,selection stability conditional on the inner-selected panel size
FPG,geeVerse,10,0.302571341378728,0.15863166063583686,29890,selection stability conditional on the inner-selected panel size
FPG,glmmLasso,3,1.0,0.0,1176,selection stability conditional on the inner-selected panel size
FPG,glmmLasso,5,0.7669087974172719,0.16822909975882097,1770,selection stability conditional on the inner-selected panel size
FPG,glmmLasso,10,0.7477873021945971,0.11051979469209164,9870,selection stability conditional on the inner-selected panel size
FPG,mRMR,3,0.5998217468805704,0.2000445583162485,561,selection stability conditional on the inner-selected panel size
FPG,mRMR,5,0.43275220535975584,0.1825961138246117,2278,selection stability conditional on the inner-selected panel size
FPG,mRMR,10,0.38869490775253085,0.14964792243845992,10878,selection stability conditional on the inner-selected panel size
FPG_KARE,Boruta,3,0.7286057692307693,0.2491427888975101,2080,selection stability conditional on the inner-selected panel size
FPG_KARE,Boruta,5,0.6184893731503902,0.1609764929953063,1770,selection stability conditional on the inner-selected panel size
FPG_KARE,Boruta,10,0.6240212690535271,0.11614817726947846,7750,selection stability conditional on the inner-selected panel size
FPG_KARE,ElasticNet,3,,,0,selection stability conditional on the inner-selected panel size
FPG_KARE,ElasticNet,5,0.5859022556390978,0.16620295205105523,190,selection stability conditional on the inner-selected panel size
FPG_KARE,ElasticNet,10,0.6006687425039527,0.11975918660602933,26106,selection stability conditional on the inner-selected panel size
FPG_KARE,LLSS,3,0.675032175032175,0.23851410281775698,6216,selection stability conditional on the inner-selected panel size
FPG_KARE,LLSS,5,0.706438715837212,0.22013192763489509,1596,selection stability conditional on the inner-selected panel size
FPG_KARE,LLSS,10,0.833068577513022,0.10620987905089074,3240,selection stability conditional on the inner-selected panel size
FPG_KARE,Lasso,3,0.5,,1,selection stability conditional on the inner-selected panel size
FPG_KARE,Lasso,5,0.6624007936507936,0.17900637861058075,120,selection stability conditional on the inner-selected panel size
FPG_KARE,Lasso,10,0.5864760612577452,0.11876197429187374,26796,selection stability conditional on the inner-selected panel size
FPG_KARE,LongGroupLasso,3,0.8145945945945946,0.2415544759656071,2775,selection stability conditional on the inner-selected panel size
FPG_KARE,LongGroupLasso,5,0.6365909459021705,0.15858658845689153,1176,selection stability conditional on the inner-selected panel size
FPG_KARE,LongGroupLasso,10,0.6576184873327731,0.12179383956094146,7875,selection stability conditional on the inner-selected panel size
FPG_KARE,MutualInfo,3,0.5333333333333333,0.12909944487358058,15,selection stability conditional on the inner-selected panel size
FPG_KARE,MutualInfo,5,0.357641723356009,0.1258384013610524,1225,selection stability conditional on the inner-selected panel size
FPG_KARE,MutualInfo,10,0.3334307725597833,0.10575791640076528,18721,selection stability conditional on the inner-selected panel size
FPG_KARE,OutcomeSNN-FS,3,,,0,selection stability conditional on the inner-selected panel size
FPG_KARE,OutcomeSNN-FS,5,0.6753246753246753,0.17339311670973498,66,selection stability conditional on the inner-selected panel size
FPG_KARE,OutcomeSNN-FS,10,0.6347144000008191,0.11693284864702108,27966,selection stability conditional on the inner-selected panel size
FPG_KARE,PGEE,3,1.0,0.0,630,selection stability conditional on the inner-selected panel size
FPG_KARE,PGEE,5,0.6349749945640357,0.160041042651874,2628,selection stability conditional on the inner-selected panel size
FPG_KARE,PGEE,10,0.5879658419931977,0.12447076200396409,9870,selection stability conditional on the inner-selected panel size
FPG_KARE,RandomForest,3,0.7565765765765766,0.24995852394049495,2775,selection stability conditional on the inner-selected panel size
FPG_KARE,RandomForest,5,0.6358005007558579,0.1623347533319949,2016,selection stability conditional on the inner-selected panel size
FPG_KARE,RandomForest,10,0.6281238553965827,0.13007863996826954,6105,selection stability conditional on the inner-selected panel size
FPG_KARE,SNN-FS,3,0.43333333333333335,0.31411250638372656,6,selection stability conditional on the inner-selected panel size
FPG_KARE,SNN-FS,5,0.5085034013605442,0.16158431673777582,91,selection stability conditional on the inner-selected panel size
FPG_KARE,SNN-FS,10,0.5657912645149547,0.12733925847481117,26796,selection stability conditional on the inner-selected panel size
FPG_KARE,StabilitySelection,3,0.4066666666666667,0.2789435853528878,15,selection stability conditional on the inner-selected panel size
FPG_KARE,StabilitySelection,5,0.5186482000207491,0.20503065256895345,153,selection stability conditional on the inner-selected panel size
FPG_KARE,StabilitySelection,10,0.529848406489045,0.13124088514130813,25425,selection stability conditional on the inner-selected panel size
FPG_KARE,Stabl-RP,3,0.7006930693069306,0.24511369557544185,5050,selection stability conditional on the inner-selected panel size
FPG_KARE,Stabl-RP,5,0.6478773293841787,0.1789168746615179,2701,selection stability conditional on the inner-selected panel size
FPG_KARE,Stabl-RP,10,0.7588800388800391,0.11615717361968632,2775,selection stability conditional on the inner-selected panel size
FPG_KARE,geeVerse,3,0.6038095238095238,0.2630895612070483,105,selection stability conditional on the inner-selected panel size
FPG_KARE,geeVerse,5,0.7028769841269842,0.28486015050259306,120,selection stability conditional on the inner-selected panel size
FPG_KARE,geeVerse,10,0.9321051262423637,0.14093991583006876,23871,selection stability conditional on the inner-selected panel size
FPG_KARE,glmmLasso,3,0.9736842105263158,0.11172793251547948,703,selection stability conditional on the inner-selected panel size
FPG_KARE,glmmLasso,5,0.7206005004170142,0.17276655241155803,5995,selection stability conditional on the inner-selected panel size
FPG_KARE,glmmLasso,10,0.5838158476481131,0.10246713068256691,5151,selection stability conditional on the inner-selected panel size
FPG_KARE,mRMR,3,0.8584876543209876,0.22526893091096137,3240,selection stability conditional on the inner-selected panel size
FPG_KARE,mRMR,5,0.6860013508949679,0.1954771365693688,1128,selection stability conditional on the inner-selected panel size
FPG_KARE,mRMR,10,0.6336362443800461,0.14311912963487589,7260,selection stability conditional on the inner-selected panel size
GSE41848_MS,Boruta,3,0.5580133128520225,0.18309314632861942,1953,selection stability conditional on the inner-selected panel size
GSE41848_MS,Boruta,5,0.4280027364374271,0.16024493900639575,1891,selection stability conditional on the inner-selected panel size
GSE41848_MS,Boruta,10,0.3344310669412037,0.10550596255105446,7750,selection stability conditional on the inner-selected panel size
GSE41848_MS,ElasticNet,3,0.3894777713065425,0.20793468690998226,5151,selection stability conditional on the inner-selected panel size
GSE41848_MS,ElasticNet,5,0.3479122020910449,0.13786423766213413,1711,selection stability conditional on the inner-selected panel size
GSE41848_MS,ElasticNet,10,0.31607927388198526,0.11675525550257912,3916,selection stability conditional on the inner-selected panel size
GSE41848_MS,LLSS,3,0.3342857142857143,0.22966300973211967,1225,selection stability conditional on the inner-selected panel size
GSE41848_MS,LLSS,5,0.36018206435629296,0.1816270713738257,1653,selection stability conditional on the inner-selected panel size
GSE41848_MS,LLSS,10,0.42260820651270725,0.14547830888623112,10011,selection stability conditional on the inner-selected panel size
GSE41848_MS,Lasso,3,0.49876965140123036,0.21329772999785399,2926,selection stability conditional on the inner-selected panel size
GSE41848_MS,Lasso,5,0.3698925343662186,0.14822978650084198,2926,selection stability conditional on the inner-selected panel size
GSE41848_MS,Lasso,10,0.3287462673492085,0.11347131491997768,4560,selection stability conditional on the inner-selected panel size
GSE41848_MS,LongGroupLasso,3,0.4727060198714202,0.23287595665066452,1711,selection stability conditional on the inner-selected panel size
GSE41848_MS,LongGroupLasso,5,0.3679601302105839,0.18638576951558344,1653,selection stability conditional on the inner-selected panel size
GSE41848_MS,LongGroupLasso,10,0.3962052169029117,0.12701025030513086,8778,selection stability conditional on the inner-selected panel size
GSE41848_MS,MutualInfo,3,0.11462765957446809,0.1538867732070423,1128,selection stability conditional on the inner-selected panel size
GSE41848_MS,MutualInfo,5,0.13877217553688143,0.11475498545173848,1326,selection stability conditional on the inner-selected panel size
GSE41848_MS,MutualInfo,10,0.22858674256746025,0.10209118420878678,11175,selection stability conditional on the inner-selected panel size
GSE41848_MS,OutcomeSNN-FS,3,0.3758241758241758,0.20580640385744345,4095,selection stability conditional on the inner-selected panel size
GSE41848_MS,OutcomeSNN-FS,5,0.3784592690122644,0.16337036982558667,1953,selection stability conditional on the inner-selected panel size
GSE41848_MS,OutcomeSNN-FS,10,0.374617913574244,0.11369985022682919,4560,selection stability conditional on the inner-selected panel size
GSE41848_MS,PGEE,3,0.35226860254083486,0.21404101225617117,1653,selection stability conditional on the inner-selected panel size
GSE41848_MS,PGEE,5,0.3257347366936408,0.1637133784890782,2701,selection stability conditional on the inner-selected panel size
GSE41848_MS,PGEE,10,0.3246772976964992,0.11904392116492632,6903,selection stability conditional on the inner-selected panel size
GSE41848_MS,RandomForest,3,0.6180602006688963,0.2198047623040157,4186,selection stability conditional on the inner-selected panel size
GSE41848_MS,RandomForest,5,0.48011164917944577,0.18944833048381116,1770,selection stability conditional on the inner-selected panel size
GSE41848_MS,RandomForest,10,0.42156268221849086,0.11396716556624209,4753,selection stability conditional on the inner-selected panel size
GSE41848_MS,SNN-FS,3,0.410964590964591,0.18710094474271757,4095,selection stability conditional on the inner-selected panel size
GSE41848_MS,SNN-FS,5,0.3438912938912939,0.14897894890431623,990,selection stability conditional on the inner-selected panel size
GSE41848_MS,SNN-FS,10,0.3239851958962504,0.11191202803027764,6441,selection stability conditional on the inner-selected panel size
GSE41848_MS,StabilitySelection,3,0.4858852258852258,0.20432796781379442,4095,selection stability conditional on the inner-selected panel size
GSE41848_MS,StabilitySelection,5,0.3528913063550821,0.13344635674240404,1891,selection stability conditional on the inner-selected panel size
GSE41848_MS,StabilitySelection,10,0.2984378943103928,0.10491105324912506,4656,selection stability conditional on the inner-selected panel size
GSE41848_MS,Stabl-RP,3,0.3823232323232324,0.2530714390274458,990,selection stability conditional on the inner-selected panel size
GSE41848_MS,Stabl-RP,5,0.396422847985348,0.18866400895471452,2080,selection stability conditional on the inner-selected panel size
GSE41848_MS,Stabl-RP,10,0.37461701259393754,0.12876367990865528,9730,selection stability conditional on the inner-selected panel size
GSE41848_MS,glmmLasso,3,0.3166433566433567,0.17740331633158415,2145,selection stability conditional on the inner-selected panel size
GSE41848_MS,glmmLasso,5,0.33198879551820726,0.16523339297045442,1275,selection stability conditional on the inner-selected panel size
GSE41848_MS,glmmLasso,10,0.33733013040846727,0.12162668841139854,8778,selection stability conditional on the inner-selected panel size
GSE41848_MS,mRMR,3,0.3752506265664161,0.21552938361942417,1596,selection stability conditional on the inner-selected panel size
GSE41848_MS,mRMR,5,0.37862563969121343,0.1638312193301934,1830,selection stability conditional on the inner-selected panel size
GSE41848_MS,mRMR,10,0.43973714751258935,0.11826457734485378,8646,selection stability conditional on the inner-selected panel size
GSE41849_MS,Boruta,3,0.06921768707482993,0.11315844764813268,1176,selection stability conditional on the inner-selected panel size
GSE41849_MS,Boruta,5,0.10018214936247724,0.1076730818475411,1891,selection stability conditional on the inner-selected panel size
GSE41849_MS,Boruta,10,0.14193456761736234,0.0822727747451046,9591,selection stability conditional on the inner-selected panel size
GSE41849_MS,ElasticNet,3,0.17969924812030075,0.16782259561268978,1596,selection stability conditional on the inner-selected panel size
GSE41849_MS,ElasticNet,5,0.17538164628328565,0.13127353862814903,1830,selection stability conditional on the inner-selected panel size
GSE41849_MS,ElasticNet,10,0.19454933158759405,0.08973141235074074,8646,selection stability conditional on the inner-selected panel size
GSE41849_MS,LLSS,3,0.3160397074190178,0.21796452604296926,3828,selection stability conditional on the inner-selected panel size
GSE41849_MS,LLSS,5,0.3517752715121136,0.17555331423010037,2850,selection stability conditional on the inner-selected panel size
GSE41849_MS,LLSS,10,0.3974194602165107,0.1393921993297454,3655,selection stability conditional on the inner-selected panel size
GSE41849_MS,Lasso,3,0.13676395289298515,0.15753016264374056,1953,selection stability conditional on the inner-selected panel size
GSE41849_MS,Lasso,5,0.14046534825223353,0.11656314805443019,1830,selection stability conditional on the inner-selected panel size
GSE41849_MS,Lasso,10,0.18420424448081826,0.09471792458970042,7875,selection stability conditional on the inner-selected panel size
GSE41849_MS,LongGroupLasso,3,0.28184873949579836,0.22407297387338423,595,selection stability conditional on the inner-selected panel size
GSE41849_MS,LongGroupLasso,5,0.3131608676923576,0.16655131669225362,1953,selection stability conditional on the inner-selected panel size
GSE41849_MS,LongGroupLasso,10,0.3751604732472598,0.11390567088268624,11476,selection stability conditional on the inner-selected panel size
GSE41849_MS,MutualInfo,3,0.1399164054336468,0.146718102252395,3828,selection stability conditional on the inner-selected panel size
GSE41849_MS,MutualInfo,5,0.16671291671291674,0.12392364787131667,2145,selection stability conditional on the inner-selected panel size
GSE41849_MS,MutualInfo,10,0.20416837003167865,0.09527347694228532,4560,selection stability conditional on the inner-selected panel size
GSE41849_MS,OutcomeSNN-FS,3,0.18299099099099098,0.18654948910968733,2775,selection stability conditional on the inner-selected panel size
GSE41849_MS,OutcomeSNN-FS,5,0.21523234493159307,0.14471216606784287,2926,selection stability conditional on the inner-selected panel size
GSE41849_MS,OutcomeSNN-FS,10,0.28835140144308413,0.11817310775423744,4753,selection stability conditional on the inner-selected panel size
GSE41849_MS,PGEE,3,0.10327868852459017,0.15002587454287075,1891,selection stability conditional on the inner-selected panel size
GSE41849_MS,PGEE,5,0.13655631334659465,0.1405575801206552,2346,selection stability conditional on the inner-selected panel size
GSE41849_MS,PGEE,10,0.21450120568367328,0.10504684837265807,7021,selection stability conditional on the inner-selected panel size
GSE41849_MS,RandomForest,3,0.09784615384615383,0.14107712088105345,325,selection stability conditional on the inner-selected panel size
GSE41849_MS,RandomForest,5,0.13609998908782622,0.1146673574106498,1891,selection stability conditional on the inner-selected panel size
GSE41849_MS,RandomForest,10,0.18260010151111877,0.09112337912444535,13041,selection stability conditional on the inner-selected panel size
GSE41849_MS,SNN-FS,3,0.09064856711915535,0.1369314447183783,1326,selection stability conditional on the inner-selected panel size
GSE41849_MS,SNN-FS,5,0.12902029664324746,0.12239878661266851,1830,selection stability conditional on the inner-selected panel size
GSE41849_MS,SNN-FS,10,0.17340733329064267,0.09709069780358644,9316,selection stability conditional on the inner-selected panel size
GSE41849_MS,StabilitySelection,3,0.23488372093023258,0.1806957568143396,903,selection stability conditional on the inner-selected panel size
GSE41849_MS,StabilitySelection,5,0.23396107972379157,0.13271852460263464,1770,selection stability conditional on the inner-selected panel size
GSE41849_MS,StabilitySelection,10,0.253513576396659,0.10121630517390479,10731,selection stability conditional on the inner-selected panel size
GSE41849_MS,Stabl-RP,3,0.16411149825783974,0.1805065395200318,861,selection stability conditional on the inner-selected panel size
GSE41849_MS,Stabl-RP,5,0.19074794096743178,0.145284827774426,2278,selection stability conditional on the inner-selected panel size
GSE41849_MS,Stabl-RP,10,0.2683915120114325,0.12246822717524923,9730,selection stability conditional on the inner-selected panel size
GSE41849_MS,glmmLasso,3,0.13830645161290323,0.14996415342283623,496,selection stability conditional on the inner-selected panel size
GSE41849_MS,glmmLasso,5,0.16706303117452947,0.1288319131946016,861,selection stability conditional on the inner-selected panel size
GSE41849_MS,glmmLasso,10,0.21892018194614593,0.09941399481084537,15400,selection stability conditional on the inner-selected panel size
GSE41849_MS,mRMR,3,0.20243128964059195,0.2002231771566819,946,selection stability conditional on the inner-selected panel size
GSE41849_MS,mRMR,5,0.2709764918625678,0.16286919930913446,3160,selection stability conditional on the inner-selected panel size
GSE41849_MS,mRMR,10,0.3411938729771547,0.11749200883677863,7875,selection stability conditional on the inner-selected panel size
GSE48023_H1N1,Boruta,3,0.15552157662249405,0.17041881976707227,5886,selection stability conditional on the inner-selected panel size
GSE48023_H1N1,Boruta,5,0.15166576988610891,0.11321745730478501,1770,selection stability conditional on the inner-selected panel size
GSE48023_H1N1,Boruta,10,0.16869350016709836,0.09353368561182623,3240,selection stability conditional on the inner-selected panel size
GSE48023_H1N1,ElasticNet,3,0.09407243163340723,0.12615776465031978,13530,selection stability conditional on the inner-selected panel size
GSE48023_H1N1,ElasticNet,5,0.13558846302748745,0.11232708319262417,820,selection stability conditional on the inner-selected panel size
GSE48023_H1N1,ElasticNet,10,0.1408896131428351,0.07764716487255308,946,selection stability conditional on the inner-selected panel size
GSE48023_H1N1,LLSS,3,0.30531183602049744,0.2643256152383668,8001,selection stability conditional on the inner-selected panel size
GSE48023_H1N1,LLSS,5,0.2345068814562862,0.17772020264544316,2016,selection stability conditional on the inner-selected panel size
GSE48023_H1N1,LLSS,10,0.20319679751276068,0.14261433162749843,1711,selection stability conditional on the inner-selected panel size
GSE48023_H1N1,Lasso,3,0.08339069280263355,0.12274840326950882,13366,selection stability conditional on the inner-selected panel size
GSE48023_H1N1,Lasso,5,0.12183016900870741,0.10453449714654942,1081,selection stability conditional on the inner-selected panel size
GSE48023_H1N1,Lasso,10,0.150537576111961,0.0849354271914557,741,selection stability conditional on the inner-selected panel size
GSE48023_H1N1,LongGroupLasso,3,0.1850835049187829,0.19715797921727632,4371,selection stability conditional on the inner-selected panel size
GSE48023_H1N1,LongGroupLasso,5,0.23985659991696212,0.16159321203639934,2485,selection stability conditional on the inner-selected panel size
GSE48023_H1N1,LongGroupLasso,10,0.2586537444655924,0.10859783989408058,3570,selection stability conditional on the inner-selected panel size
GSE48023_H1N1,MutualInfo,3,0.2349259436215958,0.17028602478524751,4186,selection stability conditional on the inner-selected panel size
GSE48023_H1N1,MutualInfo,5,0.2268604220659015,0.12210623593618852,2701,selection stability conditional on the inner-selected panel size
GSE48023_H1N1,MutualInfo,10,0.22794064267876366,0.09308912068986618,3486,selection stability conditional on the inner-selected panel size
GSE48023_H1N1,OutcomeSNN-FS,3,0.11490199940904168,0.14419258621635453,10153,selection stability conditional on the inner-selected panel size
GSE48023_H1N1,OutcomeSNN-FS,5,0.16276057206508335,0.11518319411433896,1596,selection stability conditional on the inner-selected panel size
GSE48023_H1N1,OutcomeSNN-FS,10,0.1768085865539584,0.08396434009921099,1225,selection stability conditional on the inner-selected panel size
GSE48023_H1N1,PGEE,3,0.05510259917920656,0.10896128039549796,3655,selection stability conditional on the inner-selected panel size
GSE48023_H1N1,PGEE,5,0.08679165302644944,0.1077164492909565,1891,selection stability conditional on the inner-selected panel size
GSE48023_H1N1,PGEE,10,0.17252541444874173,0.10759854482219862,5151,selection stability conditional on the inner-selected panel size
GSE48023_H1N1,RandomForest,3,0.1565677419354839,0.16734307261872475,7750,selection stability conditional on the inner-selected panel size
GSE48023_H1N1,RandomForest,5,0.1832828635763646,0.12391214786524622,1431,selection stability conditional on the inner-selected panel size
GSE48023_H1N1,RandomForest,10,0.23388520525771278,0.10024172164151546,2485,selection stability conditional on the inner-selected panel size
GSE48023_H1N1,SNN-FS,3,0.0919981105337742,0.12575254947766779,10585,selection stability conditional on the inner-selected panel size
GSE48023_H1N1,SNN-FS,5,0.1134558830350765,0.10932141012616967,1711,selection stability conditional on the inner-selected panel size
GSE48023_H1N1,SNN-FS,10,0.15133499016367952,0.08122328875364282,990,selection stability conditional on the inner-selected panel size
GSE48023_H1N1,StabilitySelection,3,0.13024881185350853,0.14715102324283047,10731,selection stability conditional on the inner-selected panel size
GSE48023_H1N1,StabilitySelection,5,0.16813475828671623,0.1191317045743996,1711,selection stability conditional on the inner-selected panel size
GSE48023_H1N1,StabilitySelection,10,0.20000875357632503,0.08759349460041368,946,selection stability conditional on the inner-selected panel size
GSE48023_H1N1,Stabl-RP,3,0.3219747899159664,0.2415520841677078,7140,selection stability conditional on the inner-selected panel size
GSE48023_H1N1,Stabl-RP,5,0.32244702784608886,0.1699978252547183,2556,selection stability conditional on the inner-selected panel size
GSE48023_H1N1,Stabl-RP,10,0.2566264666513019,0.12496671338729473,1653,selection stability conditional on the inner-selected panel size
GSE48023_H1N1,geeVerse,3,0.08807619047619046,0.13201624843505216,7875,selection stability conditional on the inner-selected panel size
GSE48023_H1N1,geeVerse,5,0.10997970117466972,0.10772697921757317,1431,selection stability conditional on the inner-selected panel size
GSE48023_H1N1,geeVerse,10,0.19097873800198667,0.12844305871697786,2415,selection stability conditional on the inner-selected panel size
GSE48023_H1N1,glmmLasso,3,0.19761946746605538,0.19259568400536428,5671,selection stability conditional on the inner-selected panel size
GSE48023_H1N1,glmmLasso,5,0.20022785233496382,0.14228761202143653,2278,selection stability conditional on the inner-selected panel size
GSE48023_H1N1,glmmLasso,10,0.22826849678242864,0.10288823549729718,2775,selection stability conditional on the inner-selected panel size
GSE48023_H1N1,mRMR,3,0.35722413052812374,0.23279759430839575,9316,selection stability conditional on the inner-selected panel size
GSE48023_H1N1,mRMR,5,0.3680140655295935,0.14976248466217823,2415,selection stability conditional on the inner-selected panel size
GSE48023_H1N1,mRMR,10,0.2700074453826138,0.11142508838941718,903,selection stability conditional on the inner-selected panel size
IGG,Boruta,3,0.21136363636363636,0.19900410938197086,3916,selection stability conditional on the inner-selected panel size
IGG,Boruta,5,0.2828114151643563,0.14949585849697947,1326,selection stability conditional on the inner-selected panel size
IGG,Boruta,10,0.2863400250934453,0.1084869781262907,5886,selection stability conditional on the inner-selected panel size
IGG,ElasticNet,3,0.23726273726273725,0.20592513961312114,3003,selection stability conditional on the inner-selected panel size
IGG,ElasticNet,5,0.25283643550012597,0.1437149303015501,2016,selection stability conditional on the inner-selected panel size
IGG,ElasticNet,10,0.33358811107815284,0.10621637341743959,5778,selection stability conditional on the inner-selected panel size
IGG,LLSS,3,0.4359416239714331,0.23066522555676033,6441,selection stability conditional on the inner-selected panel size
IGG,LLSS,5,0.3062236570711147,0.15861660642897898,1770,selection stability conditional on the inner-selected panel size
IGG,LLSS,10,0.3080355199631719,0.12716319027142864,2850,selection stability conditional on the inner-selected panel size
IGG,Lasso,3,0.23330612244897964,0.20247873729264082,1225,selection stability conditional on the inner-selected panel size
IGG,Lasso,5,0.3161986399858989,0.160687568877804,1711,selection stability conditional on the inner-selected panel size
IGG,Lasso,10,0.3650586945767952,0.1107702587236266,9870,selection stability conditional on the inner-selected panel size
IGG,LongGroupLasso,3,0.5032515919252134,0.26045144302268886,7381,selection stability conditional on the inner-selected panel size
IGG,LongGroupLasso,5,0.39362684040752444,0.14911838860953863,2485,selection stability conditional on the inner-selected panel size
IGG,LongGroupLasso,10,0.33880833239524083,0.10895339796491614,1596,selection stability conditional on the inner-selected panel size
IGG,MutualInfo,3,0.15991228070175437,0.16474269215942283,4560,selection stability conditional on the inner-selected panel size
IGG,MutualInfo,5,0.17129039115646258,0.12842728066994183,2016,selection stability conditional on the inner-selected panel size
IGG,MutualInfo,10,0.21346783511994954,0.09483206759943073,4005,selection stability conditional on the inner-selected panel size
IGG,OutcomeSNN-FS,3,0.3800816326530612,0.23370766862988732,1225,selection stability conditional on the inner-selected panel size
IGG,OutcomeSNN-FS,5,0.5192150234285066,0.18156543966958835,3916,selection stability conditional on the inner-selected panel size
IGG,OutcomeSNN-FS,10,0.5105195666692992,0.11807390035842164,6105,selection stability conditional on the inner-selected panel size
IGG,PGEE,3,0.4549165120593692,0.3249901635902054,4851,selection stability conditional on the inner-selected panel size
IGG,PGEE,5,0.37291030131405717,0.18480225216629315,2556,selection stability conditional on the inner-selected panel size
IGG,PGEE,10,0.31800713418548887,0.11637442051302112,3081,selection stability conditional on the inner-selected panel size
IGG,RandomForest,3,0.2802507836990596,0.21188057586519102,3828,selection stability conditional on the inner-selected panel size
IGG,RandomForest,5,0.30426602401488245,0.16235750573353389,2628,selection stability conditional on the inner-selected panel size
IGG,RandomForest,10,0.34934052105606767,0.10455809888913663,3916,selection stability conditional on the inner-selected panel size
IGG,SNN-FS,3,0.4006787330316742,0.24499424581655746,1326,selection stability conditional on the inner-selected panel size
IGG,SNN-FS,5,0.403723260866118,0.16745374860395834,3003,selection stability conditional on the inner-selected panel size
IGG,SNN-FS,10,0.361269057359413,0.11326532771799176,7140,selection stability conditional on the inner-selected panel size
IGG,StabilitySelection,3,0.3724796942188247,0.22489591952155402,4186,selection stability conditional on the inner-selected panel size
IGG,StabilitySelection,5,0.3369412982584337,0.1487342215611914,2346,selection stability conditional on the inner-selected panel size
IGG,StabilitySelection,10,0.35421124086779315,0.10038694575841478,3916,selection stability conditional on the inner-selected panel size
IGG,Stabl-RP,3,0.28784019975031216,0.21304709659273335,4005,selection stability conditional on the inner-selected panel size
IGG,Stabl-RP,5,0.25706663079544434,0.15237330850583347,1770,selection stability conditional on the inner-selected panel size
IGG,Stabl-RP,10,0.30401209953278624,0.11960563480461853,4950,selection stability conditional on the inner-selected panel size
IGG,geeVerse,3,0.28325247079964067,0.20899056037906805,5565,selection stability conditional on the inner-selected panel size
IGG,geeVerse,5,0.3106742216117216,0.17090262533037015,2080,selection stability conditional on the inner-selected panel size
IGG,geeVerse,10,0.3540299225053883,0.14859127040207618,3081,selection stability conditional on the inner-selected panel size
IGG,glmmLasso,3,0.35049207673060884,0.2410514063627305,5995,selection stability conditional on the inner-selected panel size
IGG,glmmLasso,5,0.3272024470654607,0.16294975253172464,2701,selection stability conditional on the inner-selected panel size
IGG,glmmLasso,10,0.32240706179522777,0.10970681756267786,2145,selection stability conditional on the inner-selected panel size
IGG,mRMR,3,0.34930721452460584,0.22335713291160006,4186,selection stability conditional on the inner-selected panel size
IGG,mRMR,5,0.3373912545787546,0.16256602639637457,2080,selection stability conditional on the inner-selected panel size
IGG,mRMR,10,0.369885699551699,0.12321168272782647,4278,selection stability conditional on the inner-selected panel size
IGM,Boruta,3,0.1389173060528559,0.1485636273377512,2346,selection stability conditional on the inner-selected panel size
IGM,Boruta,5,0.1696024914921629,0.12907581099812154,2556,selection stability conditional on the inner-selected panel size
IGM,Boruta,10,0.19995056008530282,0.09733104127988089,5886,selection stability conditional on the inner-selected panel size
IGM,ElasticNet,3,0.22741698501322366,0.19117200587783237,3403,selection stability conditional on the inner-selected panel size
IGM,ElasticNet,5,0.2727270127270127,0.1489687599728589,2775,selection stability conditional on the inner-selected panel size
IGM,ElasticNet,10,0.2897042792614646,0.10421217426504889,4186,selection stability conditional on the inner-selected panel size
IGM,LLSS,3,0.23711864406779665,0.18762040427995558,1770,selection stability conditional on the inner-selected panel size
IGM,LLSS,5,0.2318555627379157,0.15320585060901173,1326,selection stability conditional on the inner-selected panel size
IGM,LLSS,10,0.35787435727329003,0.1459383314801816,9453,selection stability conditional on the inner-selected panel size
IGM,Lasso,3,0.2965495476541132,0.1968092556741382,4753,selection stability conditional on the inner-selected panel size
IGM,Lasso,5,0.28088675083559994,0.15162398105690555,2346,selection stability conditional on the inner-selected panel size
IGM,Lasso,10,0.3524829912523706,0.11485922118994066,3403,selection stability conditional on the inner-selected panel size
IGM,LongGroupLasso,3,0.428561403508772,0.2532589284820465,2850,selection stability conditional on the inner-selected panel size
IGM,LongGroupLasso,5,0.44098143811258567,0.1590092352427235,1830,selection stability conditional on the inner-selected panel size
IGM,LongGroupLasso,10,0.4209576779945635,0.12988636305402612,6328,selection stability conditional on the inner-selected panel size
IGM,MutualInfo,3,0.15968992248062017,0.17640288742686186,3741,selection stability conditional on the inner-selected panel size
IGM,MutualInfo,5,0.19758812615955473,0.1383421550811724,1540,selection stability conditional on the inner-selected panel size
IGM,MutualInfo,10,0.22401156154205865,0.10178316582649878,5671,selection stability conditional on the inner-selected panel size
IGM,OutcomeSNN-FS,3,0.3542372881355933,0.22816546654520087,1770,selection stability conditional on the inner-selected panel size
IGM,OutcomeSNN-FS,5,0.3498302301633686,0.1562437744242707,1711,selection stability conditional on the inner-selected panel size
IGM,OutcomeSNN-FS,10,0.3895433319477394,0.10650251708299803,8515,selection stability conditional on the inner-selected panel size
IGM,PGEE,3,0.16049094097019287,0.17811420807087905,1711,selection stability conditional on the inner-selected panel size
IGM,PGEE,5,0.2582249802994484,0.18480967708500276,1128,selection stability conditional on the inner-selected panel size
IGM,PGEE,10,0.3230260611890559,0.12408125576106797,10153,selection stability conditional on the inner-selected panel size
IGM,RandomForest,3,0.14113924050632912,0.15607554393442855,3160,selection stability conditional on the inner-selected panel size
IGM,RandomForest,5,0.201277213982132,0.13498651898613945,1830,selection stability conditional on the inner-selected panel size
IGM,RandomForest,10,0.24369197793595718,0.10182188094324837,5886,selection stability conditional on the inner-selected panel size
IGM,SNN-FS,3,0.3215740740740741,0.2117875319696956,3240,selection stability conditional on the inner-selected panel size
IGM,SNN-FS,5,0.2633797480344795,0.1462860720532027,2346,selection stability conditional on the inner-selected panel size
IGM,SNN-FS,10,0.30303386298648516,0.10620353907765438,4950,selection stability conditional on the inner-selected panel size
IGM,StabilitySelection,3,0.2753044140030441,0.19989267816051715,2628,selection stability conditional on the inner-selected panel size
IGM,StabilitySelection,5,0.2637353552532124,0.14956288439479487,2016,selection stability conditional on the inner-selected panel size
IGM,StabilitySelection,10,0.32798720831563216,0.11397743394835917,6328,selection stability conditional on the inner-selected panel size
IGM,Stabl-RP,3,0.37658730158730164,0.22225432042003154,2016,selection stability conditional on the inner-selected panel size
IGM,Stabl-RP,5,0.3907738095238095,0.16526940532380813,2080,selection stability conditional on the inner-selected panel size
IGM,Stabl-RP,10,0.38316427050979157,0.14019205736357232,7260,selection stability conditional on the inner-selected panel size
IGM,geeVerse,3,0.3413553113553114,0.29471188693188216,5460,selection stability conditional on the inner-selected panel size
IGM,geeVerse,5,0.3198947427670832,0.205986469660949,1128,selection stability conditional on the inner-selected panel size
IGM,geeVerse,10,0.39283528880244184,0.16089727893433536,4656,selection stability conditional on the inner-selected panel size
IGM,glmmLasso,3,0.3337595907928389,0.2264646622430627,2346,selection stability conditional on the inner-selected panel size
IGM,glmmLasso,5,0.404398865133926,0.19094573027412115,1891,selection stability conditional on the inner-selected panel size
IGM,glmmLasso,10,0.38441711105299287,0.13269082802310772,7021,selection stability conditional on the inner-selected panel size
IGM,mRMR,3,0.31663461538461546,0.2403345054516195,2080,selection stability conditional on the inner-selected panel size
IGM,mRMR,5,0.3368261636377578,0.19091395848937256,1035,selection stability conditional on the inner-selected panel size
IGM,mRMR,10,0.4137338539043989,0.1301638273712325,9591,selection stability conditional on the inner-selected panel size
KARE_STATUS,Boruta,3,0.6818181818181818,0.24273969375147303,55,selection stability conditional on the inner-selected panel size
KARE_STATUS,Boruta,5,0.6691202090592334,0.16169082216881023,820,selection stability conditional on the inner-selected panel size
KARE_STATUS,Boruta,10,0.5903197496413923,0.12434094703574991,19503,selection stability conditional on the inner-selected panel size
KARE_STATUS,ElasticNet,3,0.75,0.27386127875258304,6,selection stability conditional on the inner-selected panel size
KARE_STATUS,ElasticNet,5,0.5414392370914111,0.18557795294852802,253,selection stability conditional on the inner-selected panel size
KARE_STATUS,ElasticNet,10,0.6635679931644058,0.12299957045172513,24753,selection stability conditional on the inner-selected panel size
KARE_STATUS,LLSS,3,0.8333333333333334,0.24397501823713333,15,selection stability conditional on the inner-selected panel size
KARE_STATUS,LLSS,5,0.5784750365867387,0.17734789782540106,1128,selection stability conditional on the inner-selected panel size
KARE_STATUS,LLSS,10,0.7294365846956115,0.11636637288567836,19110,selection stability conditional on the inner-selected panel size
KARE_STATUS,Lasso,3,0.4833333333333334,0.2926886855802025,6,selection stability conditional on the inner-selected panel size
KARE_STATUS,Lasso,5,0.6687830687830687,0.18442538927382707,630,selection stability conditional on the inner-selected panel size
KARE_STATUS,Lasso,10,0.6687395387327034,0.12988467466209863,21945,selection stability conditional on the inner-selected panel size
KARE_STATUS,LongGroupLasso,3,0.75,0.27386127875258304,6,selection stability conditional on the inner-selected panel size
KARE_STATUS,LongGroupLasso,5,0.693310657596372,0.15617017026017385,1176,selection stability conditional on the inner-selected panel size
KARE_STATUS,LongGroupLasso,10,0.685311546080219,0.11551968408124086,19306,selection stability conditional on the inner-selected panel size
KARE_STATUS,MutualInfo,5,0.19697971781305113,0.1332028596376919,36,selection stability conditional on the inner-selected panel size
KARE_STATUS,MutualInfo,10,0.261075422628886,0.09856090722729871,28920,selection stability conditional on the inner-selected panel size
KARE_STATUS,OutcomeSNN-FS,3,0.7,0.25819888974716115,10,selection stability conditional on the inner-selected panel size
KARE_STATUS,OutcomeSNN-FS,5,0.7071524966261808,0.1691248438690754,741,selection stability conditional on the inner-selected panel size
KARE_STATUS,OutcomeSNN-FS,10,0.5882647741397445,0.11092261667739488,21115,selection stability conditional on the inner-selected panel size
KARE_STATUS,PGEE,3,0.4666666666666666,0.46188021535170065,3,selection stability conditional on the inner-selected panel size
KARE_STATUS,PGEE,5,0.5875747059957588,0.16673212042090482,741,selection stability conditional on the inner-selected panel size
KARE_STATUS,PGEE,10,0.5279282751371084,0.11977023877133877,21528,selection stability conditional on the inner-selected panel size
KARE_STATUS,RandomForest,3,0.8186813186813187,0.24171244987569096,91,selection stability conditional on the inner-selected panel size
KARE_STATUS,RandomForest,5,0.7103804484756866,0.15336414042129315,378,selection stability conditional on the inner-selected panel size
KARE_STATUS,RandomForest,10,0.6465507465716496,0.12186652210188109,21528,selection stability conditional on the inner-selected panel size
KARE_STATUS,SNN-FS,3,0.75,0.27386127875258304,6,selection stability conditional on the inner-selected panel size
KARE_STATUS,SNN-FS,5,0.6236949325184619,0.17580446144135778,561,selection stability conditional on the inner-selected panel size
KARE_STATUS,SNN-FS,10,0.5913168584969533,0.12038104815896895,22366,selection stability conditional on the inner-selected panel size
KARE_STATUS,StabilitySelection,3,0.39999999999999997,0.17320508075688773,3,selection stability conditional on the inner-selected panel size
KARE_STATUS,StabilitySelection,5,0.4329805996472663,0.15200544772029162,36,selection stability conditional on the inner-selected panel size
KARE_STATUS,StabilitySelection,10,0.5461935329111537,0.12046938982906116,28203,selection stability conditional on the inner-selected panel size
KARE_STATUS,Stabl-RP,3,0.75,0.27386127875258304,6,selection stability conditional on the inner-selected panel size
KARE_STATUS,Stabl-RP,5,0.5606060606060606,0.17353414195856062,528,selection stability conditional on the inner-selected panel size
KARE_STATUS,Stabl-RP,10,0.5796134659936226,0.1294192115222363,22578,selection stability conditional on the inner-selected panel size
KARE_STATUS,geeVerse,10,0.6753025394953106,0.1265744278621705,31125,selection stability conditional on the inner-selected panel size
KARE_STATUS,glmmLasso,5,0.6384765332133754,0.19348827883337322,741,selection stability conditional on the inner-selected panel size
KARE_STATUS,glmmLasso,10,0.5824323536239583,0.11862988487976162,22155,selection stability conditional on the inner-selected panel size
KARE_STATUS,mRMR,3,0.6916666666666667,0.27294688127912364,36,selection stability conditional on the inner-selected panel size
KARE_STATUS,mRMR,5,0.7202208419599723,0.16740465920444156,1035,selection stability conditional on the inner-selected panel size
KARE_STATUS,mRMR,10,0.6337582938693168,0.11539419455779472,18915,selection stability conditional on the inner-selected panel size
OLINK_COVID,Boruta,3,0.1835070836674686,0.1831632239129713,3741,selection stability conditional on the inner-selected panel size
OLINK_COVID,Boruta,5,0.22111402431342908,0.16077666145524067,2016,selection stability conditional on the inner-selected panel size
OLINK_COVID,Boruta,10,0.28520483264964785,0.13933436479195657,4851,selection stability conditional on the inner-selected panel size
OLINK_COVID,ElasticNet,3,0.2668560606060606,0.20813612654660785,528,selection stability conditional on the inner-selected panel size
OLINK_COVID,ElasticNet,5,0.25484927242559063,0.16390194488895918,1081,selection stability conditional on the inner-selected panel size
OLINK_COVID,ElasticNet,10,0.3244439744260861,0.14297622260809853,14365,selection stability conditional on the inner-selected panel size
OLINK_COVID,LLSS,3,0.38985576923076926,0.2810308420188684,2080,selection stability conditional on the inner-selected panel size
OLINK_COVID,LLSS,5,0.4515743966963479,0.24727387385663732,3321,selection stability conditional on the inner-selected panel size
OLINK_COVID,LLSS,10,0.47867336860181287,0.17024961850093928,5253,selection stability conditional on the inner-selected panel size
OLINK_COVID,Lasso,3,0.19905882352941176,0.18843916146380807,1275,selection stability conditional on the inner-selected panel size
OLINK_COVID,Lasso,5,0.2338579969607223,0.17038092935926344,1431,selection stability conditional on the inner-selected panel size
OLINK_COVID,Lasso,10,0.2639939790385949,0.1318375865899546,10440,selection stability conditional on the inner-selected panel size
OLINK_COVID,LongGroupLasso,3,0.3568350168350169,0.27317530455912997,1485,selection stability conditional on the inner-selected panel size
OLINK_COVID,LongGroupLasso,5,0.4162519056586853,0.2400698249780939,1770,selection stability conditional on the inner-selected panel size
OLINK_COVID,LongGroupLasso,10,0.4026590444683159,0.1631993168351402,9045,selection stability conditional on the inner-selected panel size
OLINK_COVID,MutualInfo,3,0.17877551020408164,0.22038321360228053,1225,selection stability conditional on the inner-selected panel size
OLINK_COVID,MutualInfo,5,0.34305355945194976,0.19373507019687267,2485,selection stability conditional on the inner-selected panel size
OLINK_COVID,MutualInfo,10,0.3996466360145576,0.16294023459475238,8256,selection stability conditional on the inner-selected panel size
OLINK_COVID,OutcomeSNN-FS,3,0.22431372549019607,0.2071073757217232,1275,selection stability conditional on the inner-selected panel size
OLINK_COVID,OutcomeSNN-FS,5,0.25378159706517917,0.16226903091309883,2211,selection stability conditional on the inner-selected panel size
OLINK_COVID,OutcomeSNN-FS,10,0.3482238555437637,0.14858644065007476,8646,selection stability conditional on the inner-selected panel size
OLINK_COVID,PGEE,3,0.14595791805094133,0.15302835990979136,903,selection stability conditional on the inner-selected panel size
OLINK_COVID,PGEE,5,0.1519817328640858,0.1474515008947963,1326,selection stability conditional on the inner-selected panel size
OLINK_COVID,PGEE,10,0.2741870609213194,0.12251814083776649,11935,selection stability conditional on the inner-selected panel size
OLINK_COVID,RandomForest,3,0.28970751573491305,0.2118296563518892,2701,selection stability conditional on the inner-selected panel size
OLINK_COVID,RandomForest,5,0.28971821828964683,0.1740402433934227,3003,selection stability conditional on the inner-selected panel size
OLINK_COVID,RandomForest,10,0.36837760362482236,0.1600348141359242,4753,selection stability conditional on the inner-selected panel size
OLINK_COVID,SNN-FS,3,0.19824561403508772,0.18530276298903128,1653,selection stability conditional on the inner-selected panel size
OLINK_COVID,SNN-FS,5,0.2664281898656899,0.1601209305705232,2080,selection stability conditional on the inner-selected panel size
OLINK_COVID,SNN-FS,10,0.3363851358281621,0.1476048181538438,8001,selection stability conditional on the inner-selected panel size
OLINK_COVID,StabilitySelection,3,0.2427322404371585,0.19481852709821654,1830,selection stability conditional on the inner-selected panel size
OLINK_COVID,StabilitySelection,5,0.3159512362637362,0.1776798011220608,2080,selection stability conditional on the inner-selected panel size
OLINK_COVID,StabilitySelection,10,0.3508259866478938,0.1303453365311149,7626,selection stability conditional on the inner-selected panel size
OLINK_COVID,Stabl-RP,3,0.1562233589087809,0.18119967306287996,2346,selection stability conditional on the inner-selected panel size
OLINK_COVID,Stabl-RP,5,0.23102896129211922,0.1463199532640706,2850,selection stability conditional on the inner-selected panel size
OLINK_COVID,Stabl-RP,10,0.29935156978840843,0.12872454476538642,5460,selection stability conditional on the inner-selected panel size
OLINK_COVID,glmmLasso,3,0.23253968253968255,0.23141682113768058,378,selection stability conditional on the inner-selected panel size
OLINK_COVID,glmmLasso,5,0.22050662370211244,0.15827981631289784,1596,selection stability conditional on the inner-selected panel size
OLINK_COVID,glmmLasso,10,0.30248200855897545,0.13786988572316033,13530,selection stability conditional on the inner-selected panel size
OLINK_COVID,mRMR,3,0.26123744050766795,0.21620672107424954,1891,selection stability conditional on the inner-selected panel size
OLINK_COVID,mRMR,5,0.28399399399399394,0.21175541639457537,2775,selection stability conditional on the inner-selected panel size
OLINK_COVID,mRMR,10,0.4193563697645023,0.1798625484510084,6328,selection stability conditional on the inner-selected panel size
PE,Boruta,3,0.1262443438914027,0.15672761332740648,1326,selection stability conditional on the inner-selected panel size
PE,Boruta,5,0.1241390906645144,0.11206849380245547,1770,selection stability conditional on the inner-selected panel size
PE,Boruta,10,0.15385709142249157,0.08342088132030082,9453,selection stability conditional on the inner-selected panel size
PE,ElasticNet,3,0.27372549019607845,0.20274761770424765,1275,selection stability conditional on the inner-selected panel size
PE,ElasticNet,5,0.2948559670781893,0.14822204053032054,1485,selection stability conditional on the inner-selected panel size
PE,ElasticNet,10,0.2852756143625813,0.10656591484113884,10296,selection stability conditional on the inner-selected panel size
PE,LLSS,3,0.2495081967213115,0.16533108320364615,1830,selection stability conditional on the inner-selected panel size
PE,LLSS,5,0.22733544121874102,0.13920402269983684,2485,selection stability conditional on the inner-selected panel size
PE,LLSS,10,0.18591748621531068,0.09381773156445881,6903,selection stability conditional on the inner-selected panel size
PE,Lasso,3,0.22487179487179487,0.19340037813764296,780,selection stability conditional on the inner-selected panel size
PE,Lasso,5,0.25224592151675485,0.14687723566788433,2016,selection stability conditional on the inner-selected panel size
PE,Lasso,10,0.2810052320750034,0.10944376897521758,10585,selection stability conditional on the inner-selected panel size
PE,LongGroupLasso,3,0.21754032258064518,0.21204820870558955,496,selection stability conditional on the inner-selected panel size
PE,LongGroupLasso,5,0.2472160983735058,0.15382047429911883,3240,selection stability conditional on the inner-selected panel size
PE,LongGroupLasso,10,0.26875506267572186,0.11595915934928308,9316,selection stability conditional on the inner-selected panel size
PE,MutualInfo,3,0.09564102564102564,0.1368318378335359,780,selection stability conditional on the inner-selected panel size
PE,MutualInfo,5,0.11378147750328202,0.10814989664619848,1596,selection stability conditional on the inner-selected panel size
PE,MutualInfo,10,0.14281411036667646,0.0835716377404342,11628,selection stability conditional on the inner-selected panel size
PE,OutcomeSNN-FS,3,0.14833333333333332,0.1538042757590404,780,selection stability conditional on the inner-selected panel size
PE,OutcomeSNN-FS,5,0.16820486347191793,0.12865585392505915,1891,selection stability conditional on the inner-selected panel size
PE,OutcomeSNN-FS,10,0.215143248606634,0.1040699967247818,10878,selection stability conditional on the inner-selected panel size
PE,PGEE,3,0.07807308970099668,0.1179360906645688,903,selection stability conditional on the inner-selected panel size
PE,PGEE,5,0.08697617895731104,0.09582750695575666,1378,selection stability conditional on the inner-selected panel size
PE,PGEE,10,0.16246884832709257,0.08682521192712925,11781,selection stability conditional on the inner-selected panel size
PE,RandomForest,3,0.1932244897959184,0.19957832030485578,1225,selection stability conditional on the inner-selected panel size
PE,RandomForest,5,0.205583402951824,0.13880765519955846,1653,selection stability conditional on the inner-selected panel size
PE,RandomForest,10,0.18944859951316317,0.09497471345361988,10011,selection stability conditional on the inner-selected panel size
PE,SNN-FS,3,0.21141025641025643,0.18258045061644082,780,selection stability conditional on the inner-selected panel size
PE,SNN-FS,5,0.2780689548546691,0.16996102216664347,1540,selection stability conditional on the inner-selected panel size
PE,SNN-FS,10,0.2821477731824927,0.10453083694547748,11781,selection stability conditional on the inner-selected panel size
PE,StabilitySelection,3,0.2612403100775194,0.2124281823409393,903,selection stability conditional on the inner-selected panel size
PE,StabilitySelection,5,0.23587523587523584,0.1457038077327032,2145,selection stability conditional on the inner-selected panel size
PE,StabilitySelection,10,0.23796100191782762,0.0947756692812202,9870,selection stability conditional on the inner-selected panel size
PE,Stabl-RP,3,0.10116144018583043,0.15042126334032765,861,selection stability conditional on the inner-selected panel size
PE,Stabl-RP,5,0.11762974449541613,0.1098988143761605,2211,selection stability conditional on the inner-selected panel size
PE,Stabl-RP,10,0.13243729311864294,0.0869756682007235,9870,selection stability conditional on the inner-selected panel size
PE,glmmLasso,3,0.2165217391304348,0.1990001075514361,1035,selection stability conditional on the inner-selected panel size
PE,glmmLasso,5,0.2261811391223156,0.14752083317148013,1275,selection stability conditional on the inner-selected panel size
PE,glmmLasso,10,0.21439953336545686,0.09515936636816776,11628,selection stability conditional on the inner-selected panel size
PE,mRMR,3,0.15733333333333333,0.166360367417244,1275,selection stability conditional on the inner-selected panel size
PE,mRMR,5,0.2249217796092796,0.14502174546767654,2080,selection stability conditional on the inner-selected panel size
PE,mRMR,10,0.2635361325572888,0.10944054416760494,8911,selection stability conditional on the inner-selected panel size
PE_LOPE_MATCHED,Boruta,3,0.05637755102040816,0.10136165865133911,1176,selection stability conditional on the inner-selected panel size
PE_LOPE_MATCHED,Boruta,5,0.061299557874900344,0.07969677671189052,2628,selection stability conditional on the inner-selected panel size
PE_LOPE_MATCHED,Boruta,10,0.10905302649527407,0.07320811681959585,8128,selection stability conditional on the inner-selected panel size
PE_LOPE_MATCHED,ElasticNet,3,0.14291101055806937,0.14734983017384518,1326,selection stability conditional on the inner-selected panel size
PE_LOPE_MATCHED,ElasticNet,5,0.15679875679875682,0.11570110373862022,2145,selection stability conditional on the inner-selected panel size
PE_LOPE_MATCHED,ElasticNet,10,0.18587815498715438,0.09699252987231291,8646,selection stability conditional on the inner-selected panel size
PE_LOPE_MATCHED,LLSS,3,0.1698051948051948,0.18826167202323332,1540,selection stability conditional on the inner-selected panel size
PE_LOPE_MATCHED,LLSS,5,0.23748843748843748,0.17031148420271472,2145,selection stability conditional on the inner-selected panel size
PE_LOPE_MATCHED,LLSS,10,0.23815057136585666,0.1259122747463036,8128,selection stability conditional on the inner-selected panel size
PE_LOPE_MATCHED,Lasso,3,0.10452961672473868,0.14383588231187072,861,selection stability conditional on the inner-selected panel size
PE_LOPE_MATCHED,Lasso,5,0.1378264662839131,0.1169250375464395,1128,selection stability conditional on the inner-selected panel size
PE_LOPE_MATCHED,Lasso,10,0.17214617963822065,0.09398546689766718,12720,selection stability conditional on the inner-selected panel size
PE_LOPE_MATCHED,LongGroupLasso,3,0.21915584415584416,0.18183402988237254,1540,selection stability conditional on the inner-selected panel size
PE_LOPE_MATCHED,LongGroupLasso,5,0.20872729872729873,0.14858854320415502,2775,selection stability conditional on the inner-selected panel size
PE_LOPE_MATCHED,LongGroupLasso,10,0.22721976414040426,0.1137896568394128,7021,selection stability conditional on the inner-selected panel size
PE_LOPE_MATCHED,MutualInfo,3,0.21139455782312924,0.13516676201395159,1176,selection stability conditional on the inner-selected panel size
PE_LOPE_MATCHED,MutualInfo,5,0.17046389824167602,0.10695021560742986,1485,selection stability conditional on the inner-selected panel size
PE_LOPE_MATCHED,MutualInfo,10,0.17193365987836814,0.08879018612219144,10585,selection stability conditional on the inner-selected panel size
PE_LOPE_MATCHED,OutcomeSNN-FS,3,0.212078431372549,0.19254959636909572,1275,selection stability conditional on the inner-selected panel size
PE_LOPE_MATCHED,OutcomeSNN-FS,5,0.1659262586935543,0.1341397084049671,1431,selection stability conditional on the inner-selected panel size
PE_LOPE_MATCHED,OutcomeSNN-FS,10,0.1764300279602226,0.10320036426385981,10440,selection stability conditional on the inner-selected panel size
PE_LOPE_MATCHED,PGEE,3,0.04937943262411348,0.10118887609283286,1128,selection stability conditional on the inner-selected panel size
PE_LOPE_MATCHED,PGEE,5,0.07645502645502646,0.094592765595902,1770,selection stability conditional on the inner-selected panel size
PE_LOPE_MATCHED,PGEE,10,0.13092408352815402,0.09036763725829187,10011,selection stability conditional on the inner-selected panel size
PE_LOPE_MATCHED,RandomForest,3,0.08096045197740113,0.12171835274490901,1770,selection stability conditional on the inner-selected panel size
PE_LOPE_MATCHED,RandomForest,5,0.11009804203996582,0.11197840971668495,1653,selection stability conditional on the inner-selected panel size
PE_LOPE_MATCHED,RandomForest,10,0.13239983590112392,0.08647650534862072,8646,selection stability conditional on the inner-selected panel size
PE_LOPE_MATCHED,SNN-FS,3,0.09656565656565656,0.13892670788631192,990,selection stability conditional on the inner-selected panel size
PE_LOPE_MATCHED,SNN-FS,5,0.12331248997915667,0.11919329564300682,1485,selection stability conditional on the inner-selected panel size
PE_LOPE_MATCHED,SNN-FS,10,0.16738099242389973,0.09549436218954156,11175,selection stability conditional on the inner-selected panel size
PE_LOPE_MATCHED,StabilitySelection,3,0.1346122448979592,0.1409944861027476,1225,selection stability conditional on the inner-selected panel size
PE_LOPE_MATCHED,StabilitySelection,5,0.13359991547395542,0.11429647080994262,1953,selection stability conditional on the inner-selected panel size
PE_LOPE_MATCHED,StabilitySelection,10,0.17384211930131133,0.09169542658508108,9316,selection stability conditional on the inner-selected panel size
PE_LOPE_MATCHED,Stabl-RP,3,0.07462887989203779,0.11845299525019898,741,selection stability conditional on the inner-selected panel size
PE_LOPE_MATCHED,Stabl-RP,5,0.08470184470184469,0.10499599669082772,2775,selection stability conditional on the inner-selected panel size
PE_LOPE_MATCHED,Stabl-RP,10,0.11904018498369863,0.09110688942074002,9180,selection stability conditional on the inner-selected panel size
PE_LOPE_MATCHED,glmmLasso,3,0.15778560250391238,0.16489938402946308,2556,selection stability conditional on the inner-selected panel size
PE_LOPE_MATCHED,glmmLasso,5,0.16182236100268885,0.129168557611647,1830,selection stability conditional on the inner-selected panel size
PE_LOPE_MATCHED,glmmLasso,10,0.19217904037360228,0.09899088974600972,6786,selection stability conditional on the inner-selected panel size
PE_LOPE_MATCHED,mRMR,3,0.21979797979797983,0.20180776559556904,1485,selection stability conditional on the inner-selected panel size
PE_LOPE_MATCHED,mRMR,5,0.18788758036069864,0.1369834318065997,1953,selection stability conditional on the inner-selected panel size
PE_LOPE_MATCHED,mRMR,10,0.2326457363462432,0.10767216045208675,8646,selection stability conditional on the inner-selected panel size
TRA,Boruta,3,0.19706122448979593,0.1757556524071831,1225,selection stability conditional on the inner-selected panel size
TRA,Boruta,5,0.29616707228647526,0.1626938796177101,2211,selection stability conditional on the inner-selected panel size
TRA,Boruta,10,0.38006379675762103,0.13132202540347077,8778,selection stability conditional on the inner-selected panel size
TRA,ElasticNet,3,0.19774436090225564,0.18508959510478418,2926,selection stability conditional on the inner-selected panel size
TRA,ElasticNet,5,0.22583117754143908,0.14554186588797707,2485,selection stability conditional on the inner-selected panel size
TRA,ElasticNet,10,0.23130290440299076,0.09959895632232799,5151,selection stability conditional on the inner-selected panel size
TRA,LLSS,3,0.3751173708920188,0.19088573521739202,2556,selection stability conditional on the inner-selected panel size
TRA,LLSS,5,0.37701451987166273,0.1593970757548133,3003,selection stability conditional on the inner-selected panel size
TRA,LLSS,10,0.45042043023326445,0.14561573418760357,4950,selection stability conditional on the inner-selected panel size
TRA,Lasso,3,0.24767073722297608,0.18834298199636829,2211,selection stability conditional on the inner-selected panel size
TRA,Lasso,5,0.23091903428037883,0.1406962072654045,3570,selection stability conditional on the inner-selected panel size
TRA,Lasso,10,0.2847755418930932,0.10420684822011575,4753,selection stability conditional on the inner-selected panel size
TRA,LongGroupLasso,3,0.3837804878048781,0.19986039232370723,820,selection stability conditional on the inner-selected panel size
TRA,LongGroupLasso,5,0.4588942014315148,0.17767606902188784,2211,selection stability conditional on the inner-selected panel size
TRA,LongGroupLasso,10,0.48430156959304305,0.12630631720889332,10011,selection stability conditional on the inner-selected panel size
TRA,MutualInfo,3,0.08707317073170733,0.1277349190148165,820,selection stability conditional on the inner-selected panel size
TRA,MutualInfo,5,0.11584195756103513,0.10463439527010479,1431,selection stability conditional on the inner-selected panel size
TRA,MutualInfo,10,0.16134562863814836,0.08635304808041147,11935,selection stability conditional on the inner-selected panel size
TRA,OutcomeSNN-FS,3,0.29063157894736846,0.16533559599880587,2850,selection stability conditional on the inner-selected panel size
TRA,OutcomeSNN-FS,5,0.2610370235050542,0.13764577735915004,2346,selection stability conditional on the inner-selected panel size
TRA,OutcomeSNN-FS,10,0.28329768972098773,0.10827974439147313,5460,selection stability conditional on the inner-selected panel size
TRA,PGEE,3,0.31010752688172044,0.20979513110113207,465,selection stability conditional on the inner-selected panel size
TRA,PGEE,5,0.38489921384658227,0.18492820547292219,741,selection stability conditional on the inner-selected panel size
TRA,PGEE,10,0.38696799344085897,0.13103254421598806,16110,selection stability conditional on the inner-selected panel size
TRA,RandomForest,3,0.2463529411764706,0.20123352175968154,1275,selection stability conditional on the inner-selected panel size
TRA,RandomForest,5,0.33032338032338027,0.17256978859590133,2145,selection stability conditional on the inner-selected panel size
TRA,RandomForest,10,0.4282751236635913,0.13978316392487525,8778,selection stability conditional on the inner-selected panel size
TRA,SNN-FS,3,0.2169991015274034,0.17003820615388848,5565,selection stability conditional on the inner-selected panel size
TRA,SNN-FS,5,0.24854991978279647,0.1536334962887048,2701,selection stability conditional on the inner-selected panel size
TRA,SNN-FS,10,0.26843237733378683,0.10255689218119289,2415,selection stability conditional on the inner-selected panel size
TRA,StabilitySelection,3,0.1958455047062642,0.17636924671945978,3081,selection stability conditional on the inner-selected panel size
TRA,StabilitySelection,5,0.20740826633683773,0.13010453779298548,1540,selection stability conditional on the inner-selected panel size
TRA,StabilitySelection,10,0.2676987739580282,0.09987434547411426,6555,selection stability conditional on the inner-selected panel size
TRA,Stabl-RP,3,0.3674165457184325,0.22138240476109453,1378,selection stability conditional on the inner-selected panel size
TRA,Stabl-RP,5,0.3661089661089661,0.1654691977625251,2775,selection stability conditional on the inner-selected panel size
TRA,Stabl-RP,10,0.4344111094949894,0.12165568779013437,7381,selection stability conditional on the inner-selected panel size
TRA,geeVerse,3,0.35333333333333333,0.38147583085145714,15,selection stability conditional on the inner-selected panel size
TRA,geeVerse,5,0.4395052347180006,0.2178250466788765,1128,selection stability conditional on the inner-selected panel size
TRA,geeVerse,10,0.591137223176314,0.17991371305875595,19110,selection stability conditional on the inner-selected panel size
TRA,glmmLasso,3,0.37207843137254903,0.2037058398694292,1275,selection stability conditional on the inner-selected panel size
TRA,glmmLasso,5,0.3806656306656307,0.16580395360426073,2145,selection stability conditional on the inner-selected panel size
TRA,glmmLasso,10,0.354741645155179,0.11817219499761436,8778,selection stability conditional on the inner-selected panel size
TRA,mRMR,3,0.411864406779661,0.24055145288849902,1711,selection stability conditional on the inner-selected panel size
TRA,mRMR,5,0.4125740025740025,0.15750282732758727,2775,selection stability conditional on the inner-selected panel size
TRA,mRMR,10,0.48840104491837444,0.13814636388634588,6670,selection stability conditional on the inner-selected panel size
TRB,Boruta,3,0.20913613749434645,0.18184007943759453,2211,selection stability conditional on the inner-selected panel size
TRB,Boruta,5,0.3241614255765199,0.16431566162777658,1378,selection stability conditional on the inner-selected panel size
TRB,Boruta,10,0.42826100105408027,0.1322198042725945,8385,selection stability conditional on the inner-selected panel size
TRB,ElasticNet,3,0.16651485148514852,0.1732266122086623,5050,selection stability conditional on the inner-selected panel size
TRB,ElasticNet,5,0.19412269412269414,0.13474227506075986,2701,selection stability conditional on the inner-selected panel size
TRB,ElasticNet,10,0.2290916739213953,0.10961209218251695,2775,selection stability conditional on the inner-selected panel size
TRB,LLSS,3,0.41094658910629306,0.23729450102046218,1891,selection stability conditional on the inner-selected panel size
TRB,LLSS,5,0.41450414528657487,0.18591574716072332,4371,selection stability conditional on the inner-selected panel size
TRB,LLSS,10,0.43306812437580733,0.137223761914426,4371,selection stability conditional on the inner-selected panel size
TRB,Lasso,3,0.24366972477064222,0.20163961964865199,5995,selection stability conditional on the inner-selected panel size
TRB,Lasso,5,0.2984159847513885,0.15949262726896163,2415,selection stability conditional on the inner-selected panel size
TRB,Lasso,10,0.28344234758191644,0.11311751712981823,2415,selection stability conditional on the inner-selected panel size
TRB,LongGroupLasso,3,0.3235294117647059,0.2041448789244981,1275,selection stability conditional on the inner-selected panel size
TRB,LongGroupLasso,5,0.41782757760201367,0.1848718434233898,2926,selection stability conditional on the inner-selected panel size
TRB,LongGroupLasso,10,0.530462910598314,0.12774734194470683,7381,selection stability conditional on the inner-selected panel size
TRB,MutualInfo,3,0.1415401703072936,0.15974423178773145,2701,selection stability conditional on the inner-selected panel size
TRB,MutualInfo,5,0.19822187527105564,0.119639605020825,1830,selection stability conditional on the inner-selected panel size
TRB,MutualInfo,10,0.21507037739760143,0.09656156814248541,6555,selection stability conditional on the inner-selected panel size
TRB,OutcomeSNN-FS,3,0.38022471910112365,0.23560123407296818,4005,selection stability conditional on the inner-selected panel size
TRB,OutcomeSNN-FS,5,0.3267340428994564,0.15406853325673533,2926,selection stability conditional on the inner-selected panel size
TRB,OutcomeSNN-FS,10,0.32304654665410837,0.1179945812753635,3403,selection stability conditional on the inner-selected panel size
TRB,PGEE,3,0.34599303135888504,0.24150370972688326,861,selection stability conditional on the inner-selected panel size
TRB,PGEE,5,0.2702983001986324,0.17817768968811618,903,selection stability conditional on the inner-selected panel size
TRB,PGEE,10,0.4199269299890211,0.14316191473711679,13530,selection stability conditional on the inner-selected panel size
TRB,RandomForest,3,0.2922784810126583,0.2177408502158227,3160,selection stability conditional on the inner-selected panel size
TRB,RandomForest,5,0.40338947263829894,0.1837771545403289,2556,selection stability conditional on the inner-selected panel size
TRB,RandomForest,10,0.453940469383543,0.14469741165525737,4753,selection stability conditional on the inner-selected panel size
TRB,SNN-FS,3,0.24830466830466832,0.18043423363265743,6105,selection stability conditional on the inner-selected panel size
TRB,SNN-FS,5,0.2640285779383524,0.13324527980548712,2926,selection stability conditional on the inner-selected panel size
TRB,SNN-FS,10,0.2661991199179739,0.10750736749121201,1891,selection stability conditional on the inner-selected panel size
TRB,StabilitySelection,3,0.1716239316239316,0.1678499202096537,4095,selection stability conditional on the inner-selected panel size
TRB,StabilitySelection,5,0.23612801962787272,0.14866263739983,3403,selection stability conditional on the inner-selected panel size
TRB,StabilitySelection,10,0.31981033806355624,0.11407414542164815,2850,selection stability conditional on the inner-selected panel size
TRB,Stabl-RP,3,0.3297402597402598,0.20991953052129156,1540,selection stability conditional on the inner-selected panel size
TRB,Stabl-RP,5,0.3691591591591592,0.16250059862512684,2775,selection stability conditional on the inner-selected panel size
TRB,Stabl-RP,10,0.4488741823250901,0.12477121717342864,7021,selection stability conditional on the inner-selected panel size
TRB,geeVerse,3,0.44395604395604404,0.28952405051079233,91,selection stability conditional on the inner-selected panel size
TRB,geeVerse,5,0.44216480918608575,0.2175187050379741,1128,selection stability conditional on the inner-selected panel size
TRB,geeVerse,10,0.5617801860046511,0.14953163586965137,17578,selection stability conditional on the inner-selected panel size
TRB,glmmLasso,3,0.3558441558441559,0.1976098284822954,1540,selection stability conditional on the inner-selected panel size
TRB,glmmLasso,5,0.4186536733706545,0.19216419149302705,1378,selection stability conditional on the inner-selected panel size
TRB,glmmLasso,10,0.4143192116238782,0.11911668790200326,9870,selection stability conditional on the inner-selected panel size
TRB,mRMR,3,0.35943892460549387,0.2025351913217926,1711,selection stability conditional on the inner-selected panel size
TRB,mRMR,5,0.35434265985113444,0.14631580637252564,1770,selection stability conditional on the inner-selected panel size
TRB,mRMR,10,0.4354575783559238,0.13597467676574995,8515,selection stability conditional on the inner-selected panel size
