Task,Method,SelectedBudget,Selections,Frequency
BRIST1D,Boruta,3,140,0.56
BRIST1D,Boruta,5,44,0.176
BRIST1D,Boruta,10,66,0.264
BRIST1D,ElasticNet,3,125,0.5
BRIST1D,ElasticNet,5,45,0.18
BRIST1D,ElasticNet,10,80,0.32
BRIST1D,LLSS,3,135,0.54
BRIST1D,LLSS,5,72,0.288
BRIST1D,LLSS,10,43,0.172
BRIST1D,Lasso,3,117,0.468
BRIST1D,Lasso,5,47,0.188
BRIST1D,Lasso,10,86,0.344
BRIST1D,LongGroupLasso,3,96,0.384
BRIST1D,LongGroupLasso,5,84,0.336
BRIST1D,LongGroupLasso,10,70,0.28
BRIST1D,MutualInfo,3,156,0.624
BRIST1D,MutualInfo,5,29,0.116
BRIST1D,MutualInfo,10,65,0.26
BRIST1D,OutcomeSNN-FS,3,125,0.5
BRIST1D,OutcomeSNN-FS,5,55,0.22
BRIST1D,OutcomeSNN-FS,10,70,0.28
BRIST1D,PGEE,3,148,0.592
BRIST1D,PGEE,5,68,0.272
BRIST1D,PGEE,10,34,0.136
BRIST1D,RandomForest,3,143,0.572
BRIST1D,RandomForest,5,29,0.116
BRIST1D,RandomForest,10,78,0.312
BRIST1D,SNN-FS,3,125,0.5
BRIST1D,SNN-FS,5,40,0.16
BRIST1D,SNN-FS,10,85,0.34
BRIST1D,StabilitySelection,3,139,0.556
BRIST1D,StabilitySelection,5,46,0.184
BRIST1D,StabilitySelection,10,65,0.26
BRIST1D,Stabl-RP,3,149,0.596
BRIST1D,Stabl-RP,5,46,0.184
BRIST1D,Stabl-RP,10,55,0.22
BRIST1D,geeVerse,3,140,0.56
BRIST1D,geeVerse,5,42,0.168
BRIST1D,geeVerse,10,68,0.272
BRIST1D,glmmLasso,3,118,0.472
BRIST1D,glmmLasso,5,50,0.2
BRIST1D,glmmLasso,10,82,0.328
BRIST1D,mRMR,3,115,0.46
BRIST1D,mRMR,5,73,0.292
BRIST1D,mRMR,10,62,0.248
FPG,Boruta,3,21,0.084
FPG,Boruta,5,55,0.22
FPG,Boruta,10,174,0.696
FPG,ElasticNet,3,28,0.112
FPG,ElasticNet,5,29,0.116
FPG,ElasticNet,10,193,0.772
FPG,LLSS,3,8,0.032
FPG,LLSS,5,22,0.088
FPG,LLSS,10,220,0.88
FPG,Lasso,3,17,0.068
FPG,Lasso,5,23,0.092
FPG,Lasso,10,210,0.84
FPG,LongGroupLasso,3,30,0.12
FPG,LongGroupLasso,5,147,0.588
FPG,LongGroupLasso,10,73,0.292
FPG,MutualInfo,3,27,0.108
FPG,MutualInfo,5,46,0.184
FPG,MutualInfo,10,177,0.708
FPG,OutcomeSNN-FS,3,24,0.096
FPG,OutcomeSNN-FS,5,35,0.14
FPG,OutcomeSNN-FS,10,191,0.764
FPG,PGEE,3,22,0.088
FPG,PGEE,5,69,0.276
FPG,PGEE,10,159,0.636
FPG,RandomForest,3,18,0.072
FPG,RandomForest,5,84,0.336
FPG,RandomForest,10,148,0.592
FPG,SNN-FS,3,36,0.144
FPG,SNN-FS,5,32,0.128
FPG,SNN-FS,10,182,0.728
FPG,StabilitySelection,3,4,0.016
FPG,StabilitySelection,5,44,0.176
FPG,StabilitySelection,10,202,0.808
FPG,Stabl-RP,3,12,0.048
FPG,Stabl-RP,5,24,0.096
FPG,Stabl-RP,10,214,0.856
FPG,geeVerse,3,1,0.004
FPG,geeVerse,5,4,0.016
FPG,geeVerse,10,245,0.98
FPG,glmmLasso,3,49,0.196
FPG,glmmLasso,5,60,0.24
FPG,glmmLasso,10,141,0.564
FPG,mRMR,3,34,0.136
FPG,mRMR,5,68,0.272
FPG,mRMR,10,148,0.592
FPG_KARE,Boruta,3,65,0.26
FPG_KARE,Boruta,5,60,0.24
FPG_KARE,Boruta,10,125,0.5
FPG_KARE,ElasticNet,3,1,0.004
FPG_KARE,ElasticNet,5,20,0.08
FPG_KARE,ElasticNet,10,229,0.916
FPG_KARE,LLSS,3,112,0.448
FPG_KARE,LLSS,5,57,0.228
FPG_KARE,LLSS,10,81,0.324
FPG_KARE,Lasso,3,2,0.008
FPG_KARE,Lasso,5,16,0.064
FPG_KARE,Lasso,10,232,0.928
FPG_KARE,LongGroupLasso,3,75,0.3
FPG_KARE,LongGroupLasso,5,49,0.196
FPG_KARE,LongGroupLasso,10,126,0.504
FPG_KARE,MutualInfo,3,6,0.024
FPG_KARE,MutualInfo,5,50,0.2
FPG_KARE,MutualInfo,10,194,0.776
FPG_KARE,OutcomeSNN-FS,3,1,0.004
FPG_KARE,OutcomeSNN-FS,5,12,0.048
FPG_KARE,OutcomeSNN-FS,10,237,0.948
FPG_KARE,PGEE,3,36,0.144
FPG_KARE,PGEE,5,73,0.292
FPG_KARE,PGEE,10,141,0.564
FPG_KARE,RandomForest,3,75,0.3
FPG_KARE,RandomForest,5,64,0.256
FPG_KARE,RandomForest,10,111,0.444
FPG_KARE,SNN-FS,3,4,0.016
FPG_KARE,SNN-FS,5,14,0.056
FPG_KARE,SNN-FS,10,232,0.928
FPG_KARE,StabilitySelection,3,6,0.024
FPG_KARE,StabilitySelection,5,18,0.072
FPG_KARE,StabilitySelection,10,226,0.904
FPG_KARE,Stabl-RP,3,101,0.404
FPG_KARE,Stabl-RP,5,74,0.296
FPG_KARE,Stabl-RP,10,75,0.3
FPG_KARE,geeVerse,3,15,0.06
FPG_KARE,geeVerse,5,16,0.064
FPG_KARE,geeVerse,10,219,0.876
FPG_KARE,glmmLasso,3,38,0.152
FPG_KARE,glmmLasso,5,110,0.44
FPG_KARE,glmmLasso,10,102,0.408
FPG_KARE,mRMR,3,81,0.324
FPG_KARE,mRMR,5,48,0.192
FPG_KARE,mRMR,10,121,0.484
GSE41848_MS,Boruta,3,63,0.252
GSE41848_MS,Boruta,5,62,0.248
GSE41848_MS,Boruta,10,125,0.5
GSE41848_MS,ElasticNet,3,102,0.408
GSE41848_MS,ElasticNet,5,59,0.236
GSE41848_MS,ElasticNet,10,89,0.356
GSE41848_MS,LLSS,3,50,0.2
GSE41848_MS,LLSS,5,58,0.232
GSE41848_MS,LLSS,10,142,0.568
GSE41848_MS,Lasso,3,77,0.308
GSE41848_MS,Lasso,5,77,0.308
GSE41848_MS,Lasso,10,96,0.384
GSE41848_MS,LongGroupLasso,3,59,0.236
GSE41848_MS,LongGroupLasso,5,58,0.232
GSE41848_MS,LongGroupLasso,10,133,0.532
GSE41848_MS,MutualInfo,3,48,0.192
GSE41848_MS,MutualInfo,5,52,0.208
GSE41848_MS,MutualInfo,10,150,0.6
GSE41848_MS,OutcomeSNN-FS,3,91,0.364
GSE41848_MS,OutcomeSNN-FS,5,63,0.252
GSE41848_MS,OutcomeSNN-FS,10,96,0.384
GSE41848_MS,PGEE,3,58,0.232
GSE41848_MS,PGEE,5,74,0.296
GSE41848_MS,PGEE,10,118,0.472
GSE41848_MS,RandomForest,3,92,0.368
GSE41848_MS,RandomForest,5,60,0.24
GSE41848_MS,RandomForest,10,98,0.392
GSE41848_MS,SNN-FS,3,91,0.364
GSE41848_MS,SNN-FS,5,45,0.18
GSE41848_MS,SNN-FS,10,114,0.456
GSE41848_MS,StabilitySelection,3,91,0.364
GSE41848_MS,StabilitySelection,5,62,0.248
GSE41848_MS,StabilitySelection,10,97,0.388
GSE41848_MS,Stabl-RP,3,45,0.18
GSE41848_MS,Stabl-RP,5,65,0.26
GSE41848_MS,Stabl-RP,10,140,0.56
GSE41848_MS,glmmLasso,3,66,0.264
GSE41848_MS,glmmLasso,5,51,0.204
GSE41848_MS,glmmLasso,10,133,0.532
GSE41848_MS,mRMR,3,57,0.228
GSE41848_MS,mRMR,5,61,0.244
GSE41848_MS,mRMR,10,132,0.528
GSE41849_MS,Boruta,3,49,0.196
GSE41849_MS,Boruta,5,62,0.248
GSE41849_MS,Boruta,10,139,0.556
GSE41849_MS,ElasticNet,3,57,0.228
GSE41849_MS,ElasticNet,5,61,0.244
GSE41849_MS,ElasticNet,10,132,0.528
GSE41849_MS,LLSS,3,88,0.352
GSE41849_MS,LLSS,5,76,0.304
GSE41849_MS,LLSS,10,86,0.344
GSE41849_MS,Lasso,3,63,0.252
GSE41849_MS,Lasso,5,61,0.244
GSE41849_MS,Lasso,10,126,0.504
GSE41849_MS,LongGroupLasso,3,35,0.14
GSE41849_MS,LongGroupLasso,5,63,0.252
GSE41849_MS,LongGroupLasso,10,152,0.608
GSE41849_MS,MutualInfo,3,88,0.352
GSE41849_MS,MutualInfo,5,66,0.264
GSE41849_MS,MutualInfo,10,96,0.384
GSE41849_MS,OutcomeSNN-FS,3,75,0.3
GSE41849_MS,OutcomeSNN-FS,5,77,0.308
GSE41849_MS,OutcomeSNN-FS,10,98,0.392
GSE41849_MS,PGEE,3,62,0.248
GSE41849_MS,PGEE,5,69,0.276
GSE41849_MS,PGEE,10,119,0.476
GSE41849_MS,RandomForest,3,26,0.104
GSE41849_MS,RandomForest,5,62,0.248
GSE41849_MS,RandomForest,10,162,0.648
GSE41849_MS,SNN-FS,3,52,0.208
GSE41849_MS,SNN-FS,5,61,0.244
GSE41849_MS,SNN-FS,10,137,0.548
GSE41849_MS,StabilitySelection,3,43,0.172
GSE41849_MS,StabilitySelection,5,60,0.24
GSE41849_MS,StabilitySelection,10,147,0.588
GSE41849_MS,Stabl-RP,3,42,0.168
GSE41849_MS,Stabl-RP,5,68,0.272
GSE41849_MS,Stabl-RP,10,140,0.56
GSE41849_MS,glmmLasso,3,32,0.128
GSE41849_MS,glmmLasso,5,42,0.168
GSE41849_MS,glmmLasso,10,176,0.704
GSE41849_MS,mRMR,3,44,0.176
GSE41849_MS,mRMR,5,80,0.32
GSE41849_MS,mRMR,10,126,0.504
GSE48023_H1N1,Boruta,3,109,0.436
GSE48023_H1N1,Boruta,5,60,0.24
GSE48023_H1N1,Boruta,10,81,0.324
GSE48023_H1N1,ElasticNet,3,165,0.66
GSE48023_H1N1,ElasticNet,5,41,0.164
GSE48023_H1N1,ElasticNet,10,44,0.176
GSE48023_H1N1,LLSS,3,127,0.508
GSE48023_H1N1,LLSS,5,64,0.256
GSE48023_H1N1,LLSS,10,59,0.236
GSE48023_H1N1,Lasso,3,164,0.656
GSE48023_H1N1,Lasso,5,47,0.188
GSE48023_H1N1,Lasso,10,39,0.156
GSE48023_H1N1,LongGroupLasso,3,94,0.376
GSE48023_H1N1,LongGroupLasso,5,71,0.284
GSE48023_H1N1,LongGroupLasso,10,85,0.34
GSE48023_H1N1,MutualInfo,3,92,0.368
GSE48023_H1N1,MutualInfo,5,74,0.296
GSE48023_H1N1,MutualInfo,10,84,0.336
GSE48023_H1N1,OutcomeSNN-FS,3,143,0.572
GSE48023_H1N1,OutcomeSNN-FS,5,57,0.228
GSE48023_H1N1,OutcomeSNN-FS,10,50,0.2
GSE48023_H1N1,PGEE,3,86,0.344
GSE48023_H1N1,PGEE,5,62,0.248
GSE48023_H1N1,PGEE,10,102,0.408
GSE48023_H1N1,RandomForest,3,125,0.5
GSE48023_H1N1,RandomForest,5,54,0.216
GSE48023_H1N1,RandomForest,10,71,0.284
GSE48023_H1N1,SNN-FS,3,146,0.584
GSE48023_H1N1,SNN-FS,5,59,0.236
GSE48023_H1N1,SNN-FS,10,45,0.18
GSE48023_H1N1,StabilitySelection,3,147,0.588
GSE48023_H1N1,StabilitySelection,5,59,0.236
GSE48023_H1N1,StabilitySelection,10,44,0.176
GSE48023_H1N1,Stabl-RP,3,120,0.48
GSE48023_H1N1,Stabl-RP,5,72,0.288
GSE48023_H1N1,Stabl-RP,10,58,0.232
GSE48023_H1N1,geeVerse,3,126,0.504
GSE48023_H1N1,geeVerse,5,54,0.216
GSE48023_H1N1,geeVerse,10,70,0.28
GSE48023_H1N1,glmmLasso,3,107,0.428
GSE48023_H1N1,glmmLasso,5,68,0.272
GSE48023_H1N1,glmmLasso,10,75,0.3
GSE48023_H1N1,mRMR,3,137,0.548
GSE48023_H1N1,mRMR,5,70,0.28
GSE48023_H1N1,mRMR,10,43,0.172
IGG,Boruta,3,89,0.356
IGG,Boruta,5,52,0.208
IGG,Boruta,10,109,0.436
IGG,ElasticNet,3,78,0.312
IGG,ElasticNet,5,64,0.256
IGG,ElasticNet,10,108,0.432
IGG,LLSS,3,114,0.456
IGG,LLSS,5,60,0.24
IGG,LLSS,10,76,0.304
IGG,Lasso,3,50,0.2
IGG,Lasso,5,59,0.236
IGG,Lasso,10,141,0.564
IGG,LongGroupLasso,3,122,0.488
IGG,LongGroupLasso,5,71,0.284
IGG,LongGroupLasso,10,57,0.228
IGG,MutualInfo,3,96,0.384
IGG,MutualInfo,5,64,0.256
IGG,MutualInfo,10,90,0.36
IGG,OutcomeSNN-FS,3,50,0.2
IGG,OutcomeSNN-FS,5,89,0.356
IGG,OutcomeSNN-FS,10,111,0.444
IGG,PGEE,3,99,0.396
IGG,PGEE,5,72,0.288
IGG,PGEE,10,79,0.316
IGG,RandomForest,3,88,0.352
IGG,RandomForest,5,73,0.292
IGG,RandomForest,10,89,0.356
IGG,SNN-FS,3,52,0.208
IGG,SNN-FS,5,78,0.312
IGG,SNN-FS,10,120,0.48
IGG,StabilitySelection,3,92,0.368
IGG,StabilitySelection,5,69,0.276
IGG,StabilitySelection,10,89,0.356
IGG,Stabl-RP,3,90,0.36
IGG,Stabl-RP,5,60,0.24
IGG,Stabl-RP,10,100,0.4
IGG,geeVerse,3,106,0.424
IGG,geeVerse,5,65,0.26
IGG,geeVerse,10,79,0.316
IGG,glmmLasso,3,110,0.44
IGG,glmmLasso,5,74,0.296
IGG,glmmLasso,10,66,0.264
IGG,mRMR,3,92,0.368
IGG,mRMR,5,65,0.26
IGG,mRMR,10,93,0.372
IGM,Boruta,3,69,0.276
IGM,Boruta,5,72,0.288
IGM,Boruta,10,109,0.436
IGM,ElasticNet,3,83,0.332
IGM,ElasticNet,5,75,0.3
IGM,ElasticNet,10,92,0.368
IGM,LLSS,3,60,0.24
IGM,LLSS,5,52,0.208
IGM,LLSS,10,138,0.552
IGM,Lasso,3,98,0.392
IGM,Lasso,5,69,0.276
IGM,Lasso,10,83,0.332
IGM,LongGroupLasso,3,76,0.304
IGM,LongGroupLasso,5,61,0.244
IGM,LongGroupLasso,10,113,0.452
IGM,MutualInfo,3,87,0.348
IGM,MutualInfo,5,56,0.224
IGM,MutualInfo,10,107,0.428
IGM,OutcomeSNN-FS,3,60,0.24
IGM,OutcomeSNN-FS,5,59,0.236
IGM,OutcomeSNN-FS,10,131,0.524
IGM,PGEE,3,59,0.236
IGM,PGEE,5,48,0.192
IGM,PGEE,10,143,0.572
IGM,RandomForest,3,80,0.32
IGM,RandomForest,5,61,0.244
IGM,RandomForest,10,109,0.436
IGM,SNN-FS,3,81,0.324
IGM,SNN-FS,5,69,0.276
IGM,SNN-FS,10,100,0.4
IGM,StabilitySelection,3,73,0.292
IGM,StabilitySelection,5,64,0.256
IGM,StabilitySelection,10,113,0.452
IGM,Stabl-RP,3,64,0.256
IGM,Stabl-RP,5,65,0.26
IGM,Stabl-RP,10,121,0.484
IGM,geeVerse,3,105,0.42
IGM,geeVerse,5,48,0.192
IGM,geeVerse,10,97,0.388
IGM,glmmLasso,3,69,0.276
IGM,glmmLasso,5,62,0.248
IGM,glmmLasso,10,119,0.476
IGM,mRMR,3,65,0.26
IGM,mRMR,5,46,0.184
IGM,mRMR,10,139,0.556
KARE_STATUS,Boruta,3,11,0.044
KARE_STATUS,Boruta,5,41,0.164
KARE_STATUS,Boruta,10,198,0.792
KARE_STATUS,ElasticNet,3,4,0.016
KARE_STATUS,ElasticNet,5,23,0.092
KARE_STATUS,ElasticNet,10,223,0.892
KARE_STATUS,LLSS,3,6,0.024
KARE_STATUS,LLSS,5,48,0.192
KARE_STATUS,LLSS,10,196,0.784
KARE_STATUS,Lasso,3,4,0.016
KARE_STATUS,Lasso,5,36,0.144
KARE_STATUS,Lasso,10,210,0.84
KARE_STATUS,LongGroupLasso,3,4,0.016
KARE_STATUS,LongGroupLasso,5,49,0.196
KARE_STATUS,LongGroupLasso,10,197,0.788
KARE_STATUS,MutualInfo,5,9,0.036
KARE_STATUS,MutualInfo,10,241,0.964
KARE_STATUS,OutcomeSNN-FS,3,5,0.02
KARE_STATUS,OutcomeSNN-FS,5,39,0.156
KARE_STATUS,OutcomeSNN-FS,10,206,0.824
KARE_STATUS,PGEE,3,3,0.012
KARE_STATUS,PGEE,5,39,0.156
KARE_STATUS,PGEE,10,208,0.832
KARE_STATUS,RandomForest,3,14,0.056
KARE_STATUS,RandomForest,5,28,0.112
KARE_STATUS,RandomForest,10,208,0.832
KARE_STATUS,SNN-FS,3,4,0.016
KARE_STATUS,SNN-FS,5,34,0.136
KARE_STATUS,SNN-FS,10,212,0.848
KARE_STATUS,StabilitySelection,3,3,0.012
KARE_STATUS,StabilitySelection,5,9,0.036
KARE_STATUS,StabilitySelection,10,238,0.952
KARE_STATUS,Stabl-RP,3,4,0.016
KARE_STATUS,Stabl-RP,5,33,0.132
KARE_STATUS,Stabl-RP,10,213,0.852
KARE_STATUS,geeVerse,10,250,1.0
KARE_STATUS,glmmLasso,5,39,0.156
KARE_STATUS,glmmLasso,10,211,0.844
KARE_STATUS,mRMR,3,9,0.036
KARE_STATUS,mRMR,5,46,0.184
KARE_STATUS,mRMR,10,195,0.78
OLINK_COVID,Boruta,3,87,0.348
OLINK_COVID,Boruta,5,64,0.256
OLINK_COVID,Boruta,10,99,0.396
OLINK_COVID,ElasticNet,3,33,0.132
OLINK_COVID,ElasticNet,5,47,0.188
OLINK_COVID,ElasticNet,10,170,0.68
OLINK_COVID,LLSS,3,65,0.26
OLINK_COVID,LLSS,5,82,0.328
OLINK_COVID,LLSS,10,103,0.412
OLINK_COVID,Lasso,3,51,0.204
OLINK_COVID,Lasso,5,54,0.216
OLINK_COVID,Lasso,10,145,0.58
OLINK_COVID,LongGroupLasso,3,55,0.22
OLINK_COVID,LongGroupLasso,5,60,0.24
OLINK_COVID,LongGroupLasso,10,135,0.54
OLINK_COVID,MutualInfo,3,50,0.2
OLINK_COVID,MutualInfo,5,71,0.284
OLINK_COVID,MutualInfo,10,129,0.516
OLINK_COVID,OutcomeSNN-FS,3,51,0.204
OLINK_COVID,OutcomeSNN-FS,5,67,0.268
OLINK_COVID,OutcomeSNN-FS,10,132,0.528
OLINK_COVID,PGEE,3,43,0.172
OLINK_COVID,PGEE,5,52,0.208
OLINK_COVID,PGEE,10,155,0.62
OLINK_COVID,RandomForest,3,74,0.296
OLINK_COVID,RandomForest,5,78,0.312
OLINK_COVID,RandomForest,10,98,0.392
OLINK_COVID,SNN-FS,3,58,0.232
OLINK_COVID,SNN-FS,5,65,0.26
OLINK_COVID,SNN-FS,10,127,0.508
OLINK_COVID,StabilitySelection,3,61,0.244
OLINK_COVID,StabilitySelection,5,65,0.26
OLINK_COVID,StabilitySelection,10,124,0.496
OLINK_COVID,Stabl-RP,3,69,0.276
OLINK_COVID,Stabl-RP,5,76,0.304
OLINK_COVID,Stabl-RP,10,105,0.42
OLINK_COVID,glmmLasso,3,28,0.112
OLINK_COVID,glmmLasso,5,57,0.228
OLINK_COVID,glmmLasso,10,165,0.66
OLINK_COVID,mRMR,3,62,0.248
OLINK_COVID,mRMR,5,75,0.3
OLINK_COVID,mRMR,10,113,0.452
PE,Boruta,3,52,0.208
PE,Boruta,5,60,0.24
PE,Boruta,10,138,0.552
PE,ElasticNet,3,51,0.204
PE,ElasticNet,5,55,0.22
PE,ElasticNet,10,144,0.576
PE,LLSS,3,61,0.244
PE,LLSS,5,71,0.284
PE,LLSS,10,118,0.472
PE,Lasso,3,40,0.16
PE,Lasso,5,64,0.256
PE,Lasso,10,146,0.584
PE,LongGroupLasso,3,32,0.128
PE,LongGroupLasso,5,81,0.324
PE,LongGroupLasso,10,137,0.548
PE,MutualInfo,3,40,0.16
PE,MutualInfo,5,57,0.228
PE,MutualInfo,10,153,0.612
PE,OutcomeSNN-FS,3,40,0.16
PE,OutcomeSNN-FS,5,62,0.248
PE,OutcomeSNN-FS,10,148,0.592
PE,PGEE,3,43,0.172
PE,PGEE,5,53,0.212
PE,PGEE,10,154,0.616
PE,RandomForest,3,50,0.2
PE,RandomForest,5,58,0.232
PE,RandomForest,10,142,0.568
PE,SNN-FS,3,40,0.16
PE,SNN-FS,5,56,0.224
PE,SNN-FS,10,154,0.616
PE,StabilitySelection,3,43,0.172
PE,StabilitySelection,5,66,0.264
PE,StabilitySelection,10,141,0.564
PE,Stabl-RP,3,42,0.168
PE,Stabl-RP,5,67,0.268
PE,Stabl-RP,10,141,0.564
PE,glmmLasso,3,46,0.184
PE,glmmLasso,5,51,0.204
PE,glmmLasso,10,153,0.612
PE,mRMR,3,51,0.204
PE,mRMR,5,65,0.26
PE,mRMR,10,134,0.536
PE_LOPE_MATCHED,Boruta,3,49,0.196
PE_LOPE_MATCHED,Boruta,5,73,0.292
PE_LOPE_MATCHED,Boruta,10,128,0.512
PE_LOPE_MATCHED,ElasticNet,3,52,0.208
PE_LOPE_MATCHED,ElasticNet,5,66,0.264
PE_LOPE_MATCHED,ElasticNet,10,132,0.528
PE_LOPE_MATCHED,LLSS,3,56,0.224
PE_LOPE_MATCHED,LLSS,5,66,0.264
PE_LOPE_MATCHED,LLSS,10,128,0.512
PE_LOPE_MATCHED,Lasso,3,42,0.168
PE_LOPE_MATCHED,Lasso,5,48,0.192
PE_LOPE_MATCHED,Lasso,10,160,0.64
PE_LOPE_MATCHED,LongGroupLasso,3,56,0.224
PE_LOPE_MATCHED,LongGroupLasso,5,75,0.3
PE_LOPE_MATCHED,LongGroupLasso,10,119,0.476
PE_LOPE_MATCHED,MutualInfo,3,49,0.196
PE_LOPE_MATCHED,MutualInfo,5,55,0.22
PE_LOPE_MATCHED,MutualInfo,10,146,0.584
PE_LOPE_MATCHED,OutcomeSNN-FS,3,51,0.204
PE_LOPE_MATCHED,OutcomeSNN-FS,5,54,0.216
PE_LOPE_MATCHED,OutcomeSNN-FS,10,145,0.58
PE_LOPE_MATCHED,PGEE,3,48,0.192
PE_LOPE_MATCHED,PGEE,5,60,0.24
PE_LOPE_MATCHED,PGEE,10,142,0.568
PE_LOPE_MATCHED,RandomForest,3,60,0.24
PE_LOPE_MATCHED,RandomForest,5,58,0.232
PE_LOPE_MATCHED,RandomForest,10,132,0.528
PE_LOPE_MATCHED,SNN-FS,3,45,0.18
PE_LOPE_MATCHED,SNN-FS,5,55,0.22
PE_LOPE_MATCHED,SNN-FS,10,150,0.6
PE_LOPE_MATCHED,StabilitySelection,3,50,0.2
PE_LOPE_MATCHED,StabilitySelection,5,63,0.252
PE_LOPE_MATCHED,StabilitySelection,10,137,0.548
PE_LOPE_MATCHED,Stabl-RP,3,39,0.156
PE_LOPE_MATCHED,Stabl-RP,5,75,0.3
PE_LOPE_MATCHED,Stabl-RP,10,136,0.544
PE_LOPE_MATCHED,glmmLasso,3,72,0.288
PE_LOPE_MATCHED,glmmLasso,5,61,0.244
PE_LOPE_MATCHED,glmmLasso,10,117,0.468
PE_LOPE_MATCHED,mRMR,3,55,0.22
PE_LOPE_MATCHED,mRMR,5,63,0.252
PE_LOPE_MATCHED,mRMR,10,132,0.528
TRA,Boruta,3,50,0.2
TRA,Boruta,5,67,0.268
TRA,Boruta,10,133,0.532
TRA,ElasticNet,3,77,0.308
TRA,ElasticNet,5,71,0.284
TRA,ElasticNet,10,102,0.408
TRA,LLSS,3,72,0.288
TRA,LLSS,5,78,0.312
TRA,LLSS,10,100,0.4
TRA,Lasso,3,67,0.268
TRA,Lasso,5,85,0.34
TRA,Lasso,10,98,0.392
TRA,LongGroupLasso,3,41,0.164
TRA,LongGroupLasso,5,67,0.268
TRA,LongGroupLasso,10,142,0.568
TRA,MutualInfo,3,41,0.164
TRA,MutualInfo,5,54,0.216
TRA,MutualInfo,10,155,0.62
TRA,OutcomeSNN-FS,3,76,0.304
TRA,OutcomeSNN-FS,5,69,0.276
TRA,OutcomeSNN-FS,10,105,0.42
TRA,PGEE,3,31,0.124
TRA,PGEE,5,39,0.156
TRA,PGEE,10,180,0.72
TRA,RandomForest,3,51,0.204
TRA,RandomForest,5,66,0.264
TRA,RandomForest,10,133,0.532
TRA,SNN-FS,3,106,0.424
TRA,SNN-FS,5,74,0.296
TRA,SNN-FS,10,70,0.28
TRA,StabilitySelection,3,79,0.316
TRA,StabilitySelection,5,56,0.224
TRA,StabilitySelection,10,115,0.46
TRA,Stabl-RP,3,53,0.212
TRA,Stabl-RP,5,75,0.3
TRA,Stabl-RP,10,122,0.488
TRA,geeVerse,3,6,0.024
TRA,geeVerse,5,48,0.192
TRA,geeVerse,10,196,0.784
TRA,glmmLasso,3,51,0.204
TRA,glmmLasso,5,66,0.264
TRA,glmmLasso,10,133,0.532
TRA,mRMR,3,59,0.236
TRA,mRMR,5,75,0.3
TRA,mRMR,10,116,0.464
TRB,Boruta,3,67,0.268
TRB,Boruta,5,53,0.212
TRB,Boruta,10,130,0.52
TRB,ElasticNet,3,101,0.404
TRB,ElasticNet,5,74,0.296
TRB,ElasticNet,10,75,0.3
TRB,LLSS,3,62,0.248
TRB,LLSS,5,94,0.376
TRB,LLSS,10,94,0.376
TRB,Lasso,3,110,0.44
TRB,Lasso,5,70,0.28
TRB,Lasso,10,70,0.28
TRB,LongGroupLasso,3,51,0.204
TRB,LongGroupLasso,5,77,0.308
TRB,LongGroupLasso,10,122,0.488
TRB,MutualInfo,3,74,0.296
TRB,MutualInfo,5,61,0.244
TRB,MutualInfo,10,115,0.46
TRB,OutcomeSNN-FS,3,90,0.36
TRB,OutcomeSNN-FS,5,77,0.308
TRB,OutcomeSNN-FS,10,83,0.332
TRB,PGEE,3,42,0.168
TRB,PGEE,5,43,0.172
TRB,PGEE,10,165,0.66
TRB,RandomForest,3,80,0.32
TRB,RandomForest,5,72,0.288
TRB,RandomForest,10,98,0.392
TRB,SNN-FS,3,111,0.444
TRB,SNN-FS,5,77,0.308
TRB,SNN-FS,10,62,0.248
TRB,StabilitySelection,3,91,0.364
TRB,StabilitySelection,5,83,0.332
TRB,StabilitySelection,10,76,0.304
TRB,Stabl-RP,3,56,0.224
TRB,Stabl-RP,5,75,0.3
TRB,Stabl-RP,10,119,0.476
TRB,geeVerse,3,14,0.056
TRB,geeVerse,5,48,0.192
TRB,geeVerse,10,188,0.752
TRB,glmmLasso,3,56,0.224
TRB,glmmLasso,5,53,0.212
TRB,glmmLasso,10,141,0.564
TRB,mRMR,3,59,0.236
TRB,mRMR,5,60,0.24
TRB,mRMR,10,131,0.524
