Task,Dataset,Cohort,TaskType,Outcome,Method,Metric,Mean,SD,Repeats,MeanMAE,SDMAE,MeanAUPRC,SDAUPRC
BRIST1D,BrisT1D,BrisT1D,regression,Daily mean blood glucose,Boruta,RMSE,1.8343954377299019,0.03634116485146225,50,1.3743349009913675,0.036135941601585835,,
BRIST1D,BrisT1D,BrisT1D,regression,Daily mean blood glucose,ElasticNet,RMSE,1.833682369051923,0.03901553014221918,50,1.3715711855336827,0.037750605925320715,,
BRIST1D,BrisT1D,BrisT1D,regression,Daily mean blood glucose,LLSS,RMSE,1.8170696785216187,0.04850247619433853,50,1.3564051831532737,0.04862574114482887,,
BRIST1D,BrisT1D,BrisT1D,regression,Daily mean blood glucose,Lasso,RMSE,1.8319934596036453,0.04035444415140059,50,1.3698288527057594,0.03813814818847144,,
BRIST1D,BrisT1D,BrisT1D,regression,Daily mean blood glucose,LongGroupLasso,RMSE,1.8234008196098004,0.038680010320296734,50,1.3643335156579541,0.03606753447263704,,
BRIST1D,BrisT1D,BrisT1D,regression,Daily mean blood glucose,MutualInfo,RMSE,1.825211211842398,0.041315420842932785,50,1.3671889791563672,0.03954229958336906,,
BRIST1D,BrisT1D,BrisT1D,regression,Daily mean blood glucose,OutcomeSNN-FS,RMSE,1.8349922981479174,0.03983845384071708,50,1.3740206270248891,0.038351281743698236,,
BRIST1D,BrisT1D,BrisT1D,regression,Daily mean blood glucose,PGEE,RMSE,1.7493679997435163,0.051062378507088634,50,1.3396308495045408,0.04059121945808628,,
BRIST1D,BrisT1D,BrisT1D,regression,Daily mean blood glucose,RandomForest,RMSE,1.8339679788208947,0.03749679725739757,50,1.3736069929257695,0.03627764468371319,,
BRIST1D,BrisT1D,BrisT1D,regression,Daily mean blood glucose,SNN-FS,RMSE,1.8344681545148402,0.03868887678837153,50,1.371824942191379,0.036765238920574816,,
BRIST1D,BrisT1D,BrisT1D,regression,Daily mean blood glucose,StabilitySelection,RMSE,1.8234457869722762,0.03548833770533995,50,1.3658238272995442,0.035247318824498074,,
BRIST1D,BrisT1D,BrisT1D,regression,Daily mean blood glucose,Stabl-RP,RMSE,1.838003784022417,0.04049803689236406,50,1.3781454093711742,0.04080833153965472,,
BRIST1D,BrisT1D,BrisT1D,regression,Daily mean blood glucose,geeVerse,RMSE,1.7751321052954825,0.05005379930832503,50,1.3684879108864112,0.038788670702481466,,
BRIST1D,BrisT1D,BrisT1D,regression,Daily mean blood glucose,glmmLasso,RMSE,1.77881148762228,0.04679912463229845,50,1.3659183654480282,0.040388173886795914,,
BRIST1D,BrisT1D,BrisT1D,regression,Daily mean blood glucose,mRMR,RMSE,1.8205422922857417,0.03959426864862667,50,1.3597852040365084,0.03917364271900958,,
FPG,Japan T2D,Japan T2D,regression,Fasting plasma glucose,Boruta,RMSE,27.745147268508763,0.12438019368569603,50,20.26602562192243,0.10124810852005071,,
FPG,Japan T2D,Japan T2D,regression,Fasting plasma glucose,ElasticNet,RMSE,27.769472156623852,0.21429418173478126,50,20.12494358344885,0.13709699543405746,,
FPG,Japan T2D,Japan T2D,regression,Fasting plasma glucose,LLSS,RMSE,27.61161123811447,0.11813631801514148,50,20.18781683485112,0.09791871964445002,,
FPG,Japan T2D,Japan T2D,regression,Fasting plasma glucose,Lasso,RMSE,27.87848108014948,0.2005493835739433,50,20.174129920414426,0.13060035117660018,,
FPG,Japan T2D,Japan T2D,regression,Fasting plasma glucose,LongGroupLasso,RMSE,27.675486921924033,0.11107135936004162,50,20.211120282989988,0.09720694073937178,,
FPG,Japan T2D,Japan T2D,regression,Fasting plasma glucose,MutualInfo,RMSE,27.827376618038475,0.1461995011809167,50,20.249158043814802,0.11021354265983391,,
FPG,Japan T2D,Japan T2D,regression,Fasting plasma glucose,OutcomeSNN-FS,RMSE,27.81955982029643,0.18078855773760885,50,20.17299193764221,0.13046381995576045,,
FPG,Japan T2D,Japan T2D,regression,Fasting plasma glucose,PGEE,RMSE,27.893875113702816,0.1492398119918018,50,20.26341314003911,0.10575551085779052,,
FPG,Japan T2D,Japan T2D,regression,Fasting plasma glucose,RandomForest,RMSE,27.757983541894347,0.13822611737030305,50,20.25807773590197,0.09643991785474358,,
FPG,Japan T2D,Japan T2D,regression,Fasting plasma glucose,SNN-FS,RMSE,27.873819536971112,0.19845835700459413,50,20.194018183913343,0.1399476540579505,,
FPG,Japan T2D,Japan T2D,regression,Fasting plasma glucose,StabilitySelection,RMSE,31.360996956607213,0.27367253898603044,50,23.33909460805202,0.19148256874806882,,
FPG,Japan T2D,Japan T2D,regression,Fasting plasma glucose,Stabl-RP,RMSE,27.579144238854333,0.14016839039565399,50,20.17569348460696,0.09993478496937845,,
FPG,Japan T2D,Japan T2D,regression,Fasting plasma glucose,geeVerse,RMSE,30.045441090066447,1.3571990296385148,50,21.911351022923736,1.0333610933794857,,
FPG,Japan T2D,Japan T2D,regression,Fasting plasma glucose,glmmLasso,RMSE,27.640391554460308,0.11875944116278504,50,20.253263770204672,0.10309970446618358,,
FPG,Japan T2D,Japan T2D,regression,Fasting plasma glucose,mRMR,RMSE,27.94540794310222,0.1285078721907883,50,20.365792267946134,0.10631450495259095,,
FPG_KARE,KARE,Korea KARE,regression,Fasting plasma glucose,Boruta,RMSE,11.717119369917345,0.05362030887755859,50,7.579471491279635,0.03432386842859541,,
FPG_KARE,KARE,Korea KARE,regression,Fasting plasma glucose,ElasticNet,RMSE,11.625251332074853,0.0969864205480077,50,7.542307033235935,0.06931489107828946,,
FPG_KARE,KARE,Korea KARE,regression,Fasting plasma glucose,LLSS,RMSE,11.782378652397881,0.03639921291442754,50,7.6165504243692626,0.03020294322387091,,
FPG_KARE,KARE,Korea KARE,regression,Fasting plasma glucose,Lasso,RMSE,11.630540168142666,0.07728077231343589,50,7.545160564479513,0.057851381592445676,,
FPG_KARE,KARE,Korea KARE,regression,Fasting plasma glucose,LongGroupLasso,RMSE,11.705539084462059,0.05940318714473567,50,7.591517916440794,0.039022983598604684,,
FPG_KARE,KARE,Korea KARE,regression,Fasting plasma glucose,MutualInfo,RMSE,11.728143609670822,0.05927232791809426,50,7.581207152241866,0.04470445661757804,,
FPG_KARE,KARE,Korea KARE,regression,Fasting plasma glucose,OutcomeSNN-FS,RMSE,11.668513826165183,0.059741918268770476,50,7.528682380152255,0.045744159073396115,,
FPG_KARE,KARE,Korea KARE,regression,Fasting plasma glucose,PGEE,RMSE,11.550425173534501,0.07109319413015984,50,7.5696744566317475,0.03598395493293422,,
FPG_KARE,KARE,Korea KARE,regression,Fasting plasma glucose,RandomForest,RMSE,11.716537557842011,0.046778403391725586,50,7.581869768201523,0.04182820062556724,,
FPG_KARE,KARE,Korea KARE,regression,Fasting plasma glucose,SNN-FS,RMSE,11.672622847499479,0.07996083928094135,50,7.573010956167771,0.06885469714257478,,
FPG_KARE,KARE,Korea KARE,regression,Fasting plasma glucose,StabilitySelection,RMSE,12.194959869216683,0.068292879276074,50,7.942772997588712,0.048888466524728044,,
FPG_KARE,KARE,Korea KARE,regression,Fasting plasma glucose,Stabl-RP,RMSE,11.758166183071245,0.04158399545161226,50,7.599886666885843,0.035964998699674795,,
FPG_KARE,KARE,Korea KARE,regression,Fasting plasma glucose,geeVerse,RMSE,11.573578692031562,0.07928443781447413,50,7.580808203508883,0.04041543659797675,,
FPG_KARE,KARE,Korea KARE,regression,Fasting plasma glucose,glmmLasso,RMSE,11.55362707366529,0.06632679567355564,50,7.574880695257563,0.037510206558902456,,
FPG_KARE,KARE,Korea KARE,regression,Fasting plasma glucose,mRMR,RMSE,11.724407618885612,0.05842215602721698,50,7.597405070441763,0.03976259008804365,,
GSE41848_MS,GSE41848 MS discovery,GSE41848,classification,MS versus healthy control,Boruta,AUROC,0.8394334045584046,0.029728096283308473,50,,,0.8948923601997132,0.02198200227741726
GSE41848_MS,GSE41848 MS discovery,GSE41848,classification,MS versus healthy control,ElasticNet,AUROC,0.8128400997150997,0.036521259400243415,50,,,0.8790811412307185,0.025756091483225323
GSE41848_MS,GSE41848 MS discovery,GSE41848,classification,MS versus healthy control,LLSS,AUROC,0.8121709401709402,0.03229805945316741,50,,,0.8750847976122209,0.022789896460058127
GSE41848_MS,GSE41848 MS discovery,GSE41848,classification,MS versus healthy control,Lasso,AUROC,0.8296716524216524,0.030298767731749204,50,,,0.8881719929535065,0.023955785815327382
GSE41848_MS,GSE41848 MS discovery,GSE41848,classification,MS versus healthy control,LongGroupLasso,AUROC,0.822241809116809,0.03443256691690192,50,,,0.8820171967211649,0.025109065883036578
GSE41848_MS,GSE41848 MS discovery,GSE41848,classification,MS versus healthy control,MutualInfo,AUROC,0.7570580484330484,0.03304500978727493,50,,,0.8465389609407115,0.023987952553371203
GSE41848_MS,GSE41848 MS discovery,GSE41848,classification,MS versus healthy control,OutcomeSNN-FS,AUROC,0.8370434472934474,0.030526936957154176,50,,,0.8961217884666205,0.02250853294179622
GSE41848_MS,GSE41848 MS discovery,GSE41848,classification,MS versus healthy control,PGEE,AUROC,0.8285847578347579,0.025062940618584585,50,,,0.8874701164644456,0.018242730636204338
GSE41848_MS,GSE41848 MS discovery,GSE41848,classification,MS versus healthy control,RandomForest,AUROC,0.8265861823361824,0.03148501529043701,50,,,0.8837010893002767,0.023149844430001204
GSE41848_MS,GSE41848 MS discovery,GSE41848,classification,MS versus healthy control,SNN-FS,AUROC,0.8260477207977209,0.029807587101478922,50,,,0.8860023597420148,0.02048051168362855
GSE41848_MS,GSE41848 MS discovery,GSE41848,classification,MS versus healthy control,StabilitySelection,AUROC,0.8080349002849003,0.03644499625906515,50,,,0.8738256975968604,0.026621616502672033
GSE41848_MS,GSE41848 MS discovery,GSE41848,classification,MS versus healthy control,Stabl-RP,AUROC,0.8106502849002848,0.02449357295684398,50,,,0.8772144692112066,0.017050821955075356
GSE41848_MS,GSE41848 MS discovery,GSE41848,classification,MS versus healthy control,glmmLasso,AUROC,0.8233924501424501,0.02788312720557598,50,,,0.8848433756117133,0.020032273297449606
GSE41848_MS,GSE41848 MS discovery,GSE41848,classification,MS versus healthy control,mRMR,AUROC,0.8329341168091168,0.027964934938006232,50,,,0.8895691773383665,0.021352713699846555
GSE41849_MS,GSE41849 MS replication,GSE41849,classification,MS versus healthy control,Boruta,AUROC,0.7755199999999999,0.03855038579441144,50,,,0.823569769119769,0.03141916320112017
GSE41849_MS,GSE41849 MS replication,GSE41849,classification,MS versus healthy control,ElasticNet,AUROC,0.61,0.07845642377038992,50,,,0.691035266955267,0.05955906802137705
GSE41849_MS,GSE41849 MS replication,GSE41849,classification,MS versus healthy control,LLSS,AUROC,0.8013866666666668,0.033301165430771634,50,,,0.8513091438191438,0.02765942042090714
GSE41849_MS,GSE41849 MS replication,GSE41849,classification,MS versus healthy control,Lasso,AUROC,0.6355200000000001,0.06577954523579936,50,,,0.715457974987975,0.047893618897081595
GSE41849_MS,GSE41849 MS replication,GSE41849,classification,MS versus healthy control,LongGroupLasso,AUROC,0.7852266666666666,0.040774221548144154,50,,,0.8405164405964406,0.03248260171725284
GSE41849_MS,GSE41849 MS replication,GSE41849,classification,MS versus healthy control,MutualInfo,AUROC,0.79088,0.038706861585342305,50,,,0.8373182395382394,0.03379517703082981
GSE41849_MS,GSE41849 MS replication,GSE41849,classification,MS versus healthy control,OutcomeSNN-FS,AUROC,0.77,0.038294005261950176,50,,,0.8214125444925444,0.03356794442412041
GSE41849_MS,GSE41849 MS replication,GSE41849,classification,MS versus healthy control,PGEE,AUROC,0.7798666666666665,0.03801539251444356,50,,,0.8292475949975947,0.035472991680050955
GSE41849_MS,GSE41849 MS replication,GSE41849,classification,MS versus healthy control,RandomForest,AUROC,0.76416,0.05070506242979167,50,,,0.8149405868205868,0.045005579862880396
GSE41849_MS,GSE41849 MS replication,GSE41849,classification,MS versus healthy control,SNN-FS,AUROC,0.6706133333333334,0.05402541436051553,50,,,0.7400874410774411,0.04588278509052797
GSE41849_MS,GSE41849 MS replication,GSE41849,classification,MS versus healthy control,StabilitySelection,AUROC,0.66888,0.05289795764396291,50,,,0.7455150745550746,0.049169282422111736
GSE41849_MS,GSE41849 MS replication,GSE41849,classification,MS versus healthy control,Stabl-RP,AUROC,0.7843466666666667,0.03817782476588831,50,,,0.8356529100529102,0.03254771189654207
GSE41849_MS,GSE41849 MS replication,GSE41849,classification,MS versus healthy control,glmmLasso,AUROC,0.7817333333333333,0.04185819923906682,50,,,0.8345288648388649,0.03876954111847715
GSE41849_MS,GSE41849 MS replication,GSE41849,classification,MS versus healthy control,mRMR,AUROC,0.7915733333333335,0.045663018872135544,50,,,0.839155315055315,0.038083170759592014
GSE48023_H1N1,GSE48023 influenza vaccination,GSE48023,regression,"H1N1 HAI response, Day 14 minus Day 0",Boruta,RMSE,1.4240287779464247,0.03753863219364666,50,1.1590904842181593,0.03464116929632686,,
GSE48023_H1N1,GSE48023 influenza vaccination,GSE48023,regression,"H1N1 HAI response, Day 14 minus Day 0",ElasticNet,RMSE,1.4135760801047261,0.03270025247217163,50,1.1484820799622506,0.026657963221771278,,
GSE48023_H1N1,GSE48023 influenza vaccination,GSE48023,regression,"H1N1 HAI response, Day 14 minus Day 0",LLSS,RMSE,1.366092004474584,0.02983291917340113,50,1.099923657423037,0.02527479388914206,,
GSE48023_H1N1,GSE48023 influenza vaccination,GSE48023,regression,"H1N1 HAI response, Day 14 minus Day 0",Lasso,RMSE,1.430049039210839,0.03579726267436258,50,1.1624964265146387,0.034532785637211294,,
GSE48023_H1N1,GSE48023 influenza vaccination,GSE48023,regression,"H1N1 HAI response, Day 14 minus Day 0",LongGroupLasso,RMSE,1.415265872462073,0.037977180630108645,50,1.1480084977362062,0.03280564177562457,,
GSE48023_H1N1,GSE48023 influenza vaccination,GSE48023,regression,"H1N1 HAI response, Day 14 minus Day 0",MutualInfo,RMSE,1.3891297096807471,0.03354689886606096,50,1.1331427145041524,0.030009625290804122,,
GSE48023_H1N1,GSE48023 influenza vaccination,GSE48023,regression,"H1N1 HAI response, Day 14 minus Day 0",OutcomeSNN-FS,RMSE,1.4199904465531323,0.036545328111775084,50,1.1546139807385094,0.03209262241009346,,
GSE48023_H1N1,GSE48023 influenza vaccination,GSE48023,regression,"H1N1 HAI response, Day 14 minus Day 0",PGEE,RMSE,1.3911767594256934,0.034216225430996526,50,1.129499567185915,0.028091401938044276,,
GSE48023_H1N1,GSE48023 influenza vaccination,GSE48023,regression,"H1N1 HAI response, Day 14 minus Day 0",RandomForest,RMSE,1.4301924865923499,0.03275045254898991,50,1.1672052817951515,0.031864990825287084,,
GSE48023_H1N1,GSE48023 influenza vaccination,GSE48023,regression,"H1N1 HAI response, Day 14 minus Day 0",SNN-FS,RMSE,1.4264071760846253,0.0348967389718914,50,1.1601373521688592,0.03232118647819155,,
GSE48023_H1N1,GSE48023 influenza vaccination,GSE48023,regression,"H1N1 HAI response, Day 14 minus Day 0",StabilitySelection,RMSE,1.429919889718501,0.03337852738305138,50,1.1598363719757911,0.033759871055450155,,
GSE48023_H1N1,GSE48023 influenza vaccination,GSE48023,regression,"H1N1 HAI response, Day 14 minus Day 0",Stabl-RP,RMSE,1.3605045281752581,0.03582011377018012,50,1.0985653221955132,0.03286340297945434,,
GSE48023_H1N1,GSE48023 influenza vaccination,GSE48023,regression,"H1N1 HAI response, Day 14 minus Day 0",geeVerse,RMSE,1.3571860612592765,0.029113144430567353,50,1.0927445018693458,0.02717338335103638,,
GSE48023_H1N1,GSE48023 influenza vaccination,GSE48023,regression,"H1N1 HAI response, Day 14 minus Day 0",glmmLasso,RMSE,1.3960808462665941,0.03839533539796571,50,1.1331225354236494,0.03563024940821319,,
GSE48023_H1N1,GSE48023 influenza vaccination,GSE48023,regression,"H1N1 HAI response, Day 14 minus Day 0",mRMR,RMSE,1.3830923222107816,0.04107454779906147,50,1.1218735710228103,0.03415777260853847,,
IGG,Korea COVID-19 (CODA),Korea COVID-19,regression,BCR-IGG clonal diversity,Boruta,RMSE,0.7754595342396484,0.008569278404563877,50,0.5851061671452374,0.006850415422292366,,
IGG,Korea COVID-19 (CODA),Korea COVID-19,regression,BCR-IGG clonal diversity,ElasticNet,RMSE,0.7796363770705222,0.008982502560034456,50,0.5907331833960806,0.007307204458933862,,
IGG,Korea COVID-19 (CODA),Korea COVID-19,regression,BCR-IGG clonal diversity,LLSS,RMSE,0.7773839723296585,0.008388597532016245,50,0.5845052387615737,0.007102210478324222,,
IGG,Korea COVID-19 (CODA),Korea COVID-19,regression,BCR-IGG clonal diversity,Lasso,RMSE,0.7741377920332227,0.01045338935236111,50,0.5853880707325255,0.010001322874510901,,
IGG,Korea COVID-19 (CODA),Korea COVID-19,regression,BCR-IGG clonal diversity,LongGroupLasso,RMSE,0.774467159168368,0.009970765999218754,50,0.5814662886924353,0.009069309193833657,,
IGG,Korea COVID-19 (CODA),Korea COVID-19,regression,BCR-IGG clonal diversity,MutualInfo,RMSE,0.7811236217629287,0.007418852970148924,50,0.5916227402757263,0.005505051988357774,,
IGG,Korea COVID-19 (CODA),Korea COVID-19,regression,BCR-IGG clonal diversity,OutcomeSNN-FS,RMSE,0.7620962533632378,0.009982966218556561,50,0.5747566391893417,0.008646061321571731,,
IGG,Korea COVID-19 (CODA),Korea COVID-19,regression,BCR-IGG clonal diversity,PGEE,RMSE,0.76602158393633,0.009488276951517527,50,0.5805958185097105,0.008531824830378204,,
IGG,Korea COVID-19 (CODA),Korea COVID-19,regression,BCR-IGG clonal diversity,RandomForest,RMSE,0.7754677159596798,0.008518512727769968,50,0.5842341546186619,0.006492412501292641,,
IGG,Korea COVID-19 (CODA),Korea COVID-19,regression,BCR-IGG clonal diversity,SNN-FS,RMSE,0.7743886318877089,0.010566889220547266,50,0.5849052514376099,0.008546721442623341,,
IGG,Korea COVID-19 (CODA),Korea COVID-19,regression,BCR-IGG clonal diversity,StabilitySelection,RMSE,0.7755789608025245,0.00946821573068826,50,0.586751310685537,0.009041573616198773,,
IGG,Korea COVID-19 (CODA),Korea COVID-19,regression,BCR-IGG clonal diversity,Stabl-RP,RMSE,0.7769432314932151,0.008372499545851097,50,0.5827769304522505,0.007272761363187802,,
IGG,Korea COVID-19 (CODA),Korea COVID-19,regression,BCR-IGG clonal diversity,geeVerse,RMSE,0.7853231840457223,0.007526694457177609,50,0.5951114616911508,0.006064453105939811,,
IGG,Korea COVID-19 (CODA),Korea COVID-19,regression,BCR-IGG clonal diversity,glmmLasso,RMSE,0.7699608021629277,0.009334422264796055,50,0.5825328249953258,0.008707444939598068,,
IGG,Korea COVID-19 (CODA),Korea COVID-19,regression,BCR-IGG clonal diversity,mRMR,RMSE,0.7770533149348104,0.00862794629449214,50,0.5852803004137908,0.0071434532130706255,,
IGM,Korea COVID-19 (CODA),Korea COVID-19,regression,BCR-IGM clonal diversity,Boruta,RMSE,1.0701868658552425,0.014720616654571125,50,0.8346921405316441,0.011136661323053802,,
IGM,Korea COVID-19 (CODA),Korea COVID-19,regression,BCR-IGM clonal diversity,ElasticNet,RMSE,1.0604267665459632,0.013690641945851033,50,0.8286769428322301,0.010368878395858667,,
IGM,Korea COVID-19 (CODA),Korea COVID-19,regression,BCR-IGM clonal diversity,LLSS,RMSE,1.062815045433871,0.014200769909774506,50,0.8290119772803457,0.011492163139216102,,
IGM,Korea COVID-19 (CODA),Korea COVID-19,regression,BCR-IGM clonal diversity,Lasso,RMSE,1.0553505518013444,0.01098336798840451,50,0.8250758569649086,0.009147557978738488,,
IGM,Korea COVID-19 (CODA),Korea COVID-19,regression,BCR-IGM clonal diversity,LongGroupLasso,RMSE,1.0492566976293882,0.013950544922320417,50,0.8154188480434292,0.01060415413624868,,
IGM,Korea COVID-19 (CODA),Korea COVID-19,regression,BCR-IGM clonal diversity,MutualInfo,RMSE,1.071080654199437,0.009110371134026041,50,0.8338298710074237,0.007940520689725908,,
IGM,Korea COVID-19 (CODA),Korea COVID-19,regression,BCR-IGM clonal diversity,OutcomeSNN-FS,RMSE,1.0465970270884206,0.012756757804194342,50,0.8135560264758283,0.009317207791380004,,
IGM,Korea COVID-19 (CODA),Korea COVID-19,regression,BCR-IGM clonal diversity,PGEE,RMSE,1.0464147578216896,0.015516127808532171,50,0.816866233544091,0.012306348470026441,,
IGM,Korea COVID-19 (CODA),Korea COVID-19,regression,BCR-IGM clonal diversity,RandomForest,RMSE,1.0728214767361854,0.014380508900210687,50,0.8358979553428028,0.012633887786831978,,
IGM,Korea COVID-19 (CODA),Korea COVID-19,regression,BCR-IGM clonal diversity,SNN-FS,RMSE,1.0574246382190529,0.013813483516577728,50,0.8235844208085067,0.011232970485267944,,
IGM,Korea COVID-19 (CODA),Korea COVID-19,regression,BCR-IGM clonal diversity,StabilitySelection,RMSE,1.0612733587083003,0.017725111467066672,50,0.8297762045191006,0.014911230399074975,,
IGM,Korea COVID-19 (CODA),Korea COVID-19,regression,BCR-IGM clonal diversity,Stabl-RP,RMSE,1.0485119835408971,0.0148682790363216,50,0.8152801346674134,0.010701557617018985,,
IGM,Korea COVID-19 (CODA),Korea COVID-19,regression,BCR-IGM clonal diversity,geeVerse,RMSE,1.0794148717071357,0.01102521631971564,50,0.847350531182926,0.00886768405459017,,
IGM,Korea COVID-19 (CODA),Korea COVID-19,regression,BCR-IGM clonal diversity,glmmLasso,RMSE,1.0448694951230686,0.014949763455339842,50,0.8137514551420808,0.011411825420542077,,
IGM,Korea COVID-19 (CODA),Korea COVID-19,regression,BCR-IGM clonal diversity,mRMR,RMSE,1.0603912635624282,0.014062041749250572,50,0.8260903851861454,0.011312706423353856,,
KARE_STATUS,KARE,Korea KARE,regression,Longitudinal status score,Boruta,RMSE,0.7318269158345568,0.003847408201420236,50,0.623113262766501,0.0038434449373301394,,
KARE_STATUS,KARE,Korea KARE,regression,Longitudinal status score,ElasticNet,RMSE,0.7237946725166597,0.003799797782519845,50,0.6135529366949244,0.0037686373750332887,,
KARE_STATUS,KARE,Korea KARE,regression,Longitudinal status score,LLSS,RMSE,0.7341829059290572,0.0025945581078771567,50,0.6281426251233215,0.0026813082422029438,,
KARE_STATUS,KARE,Korea KARE,regression,Longitudinal status score,Lasso,RMSE,0.7252215621104335,0.004164360944172307,50,0.614932466245256,0.004057519365111164,,
KARE_STATUS,KARE,Korea KARE,regression,Longitudinal status score,LongGroupLasso,RMSE,0.7262841732971995,0.0033960870817355228,50,0.6169573772763625,0.0028822529751605223,,
KARE_STATUS,KARE,Korea KARE,regression,Longitudinal status score,MutualInfo,RMSE,0.7424263247684963,0.0042029707608917145,50,0.6397381359314581,0.0042980559941430685,,
KARE_STATUS,KARE,Korea KARE,regression,Longitudinal status score,OutcomeSNN-FS,RMSE,0.7286898516771864,0.003468612000595782,50,0.6192903954882918,0.0032764108364484053,,
KARE_STATUS,KARE,Korea KARE,regression,Longitudinal status score,PGEE,RMSE,0.7282414305876085,0.0028523727113985427,50,0.619298934042859,0.002721414961546255,,
KARE_STATUS,KARE,Korea KARE,regression,Longitudinal status score,RandomForest,RMSE,0.7311938355912099,0.0036147752220186094,50,0.6221052450168095,0.003636517486154477,,
KARE_STATUS,KARE,Korea KARE,regression,Longitudinal status score,SNN-FS,RMSE,0.7267263102331082,0.003805406257144064,50,0.616249320533139,0.0037359478855354205,,
KARE_STATUS,KARE,Korea KARE,regression,Longitudinal status score,StabilitySelection,RMSE,0.7275209319931994,0.003865389682560369,50,0.6165193535978962,0.0034544642568047398,,
KARE_STATUS,KARE,Korea KARE,regression,Longitudinal status score,Stabl-RP,RMSE,0.7309753665529845,0.0034630472744889133,50,0.6234601572530686,0.0032150070734415603,,
KARE_STATUS,KARE,Korea KARE,regression,Longitudinal status score,geeVerse,RMSE,0.7424693187873858,0.00397707702556593,50,0.641356417822951,0.003426678139176775,,
KARE_STATUS,KARE,Korea KARE,regression,Longitudinal status score,glmmLasso,RMSE,0.7276546002416263,0.0032771438650788225,50,0.6189700015410854,0.0029096271432384143,,
KARE_STATUS,KARE,Korea KARE,regression,Longitudinal status score,mRMR,RMSE,0.7298497216903047,0.0033931212884786626,50,0.6214654608279723,0.003343362498901409,,
OLINK_COVID,Olink COVID,Olink COVID,classification,Fatal disease,Boruta,AUROC,0.8457386363636364,0.04523387558900019,50,,,0.6542092944537906,0.09351450873822102
OLINK_COVID,Olink COVID,Olink COVID,classification,Fatal disease,ElasticNet,AUROC,0.7297727272727274,0.08175647668026173,50,,,0.5323765095897237,0.12299237776243892
OLINK_COVID,Olink COVID,Olink COVID,classification,Fatal disease,LLSS,AUROC,0.8873863636363636,0.04387158430112719,50,,,0.7506969976085643,0.06636659241182406
OLINK_COVID,Olink COVID,Olink COVID,classification,Fatal disease,Lasso,AUROC,0.7036363636363636,0.08403118648398276,50,,,0.49045872289338704,0.13638415935567738
OLINK_COVID,Olink COVID,Olink COVID,classification,Fatal disease,LongGroupLasso,AUROC,0.8430681818181818,0.06259627430680086,50,,,0.676386410945853,0.10822941773386255
OLINK_COVID,Olink COVID,Olink COVID,classification,Fatal disease,MutualInfo,AUROC,0.8692045454545456,0.05415232575228744,50,,,0.71305715963237,0.09695428393168058
OLINK_COVID,Olink COVID,Olink COVID,classification,Fatal disease,OutcomeSNN-FS,AUROC,0.7849431818181819,0.07376601315959558,50,,,0.6133279988158665,0.11959513023360818
OLINK_COVID,Olink COVID,Olink COVID,classification,Fatal disease,PGEE,AUROC,0.8816111111111111,0.0518556512483405,50,,,0.7833210678210676,0.0897954577415965
OLINK_COVID,Olink COVID,Olink COVID,classification,Fatal disease,RandomForest,AUROC,0.8525568181818183,0.06135969052970219,50,,,0.65936343658829,0.10467175022862964
OLINK_COVID,Olink COVID,Olink COVID,classification,Fatal disease,SNN-FS,AUROC,0.7832386363636362,0.05743304256128331,50,,,0.5904692908543818,0.10652494708647776
OLINK_COVID,Olink COVID,Olink COVID,classification,Fatal disease,StabilitySelection,AUROC,0.7376704545454545,0.07780067399267147,50,,,0.5289987287134189,0.1360998015662228
OLINK_COVID,Olink COVID,Olink COVID,classification,Fatal disease,Stabl-RP,AUROC,0.855,0.03968549936489972,50,,,0.6631493441886489,0.08038872322977295
OLINK_COVID,Olink COVID,Olink COVID,classification,Fatal disease,glmmLasso,AUROC,0.8643055555555557,0.05814897034842934,50,,,0.7682334776334776,0.1036415700424097
OLINK_COVID,Olink COVID,Olink COVID,classification,Fatal disease,mRMR,AUROC,0.8178977272727272,0.0556827943290303,50,,,0.6503530083061646,0.10643785751432361
PE,Stanford PE,Stanford PE,classification,PE versus term control,Boruta,AUROC,0.7665432098765431,0.06022921233996349,50,,,0.769982141627714,0.0688908465271146
PE,Stanford PE,Stanford PE,classification,PE versus term control,ElasticNet,AUROC,0.792283950617284,0.05590526393986803,50,,,0.7895950839263826,0.061744359572305375
PE,Stanford PE,Stanford PE,classification,PE versus term control,LLSS,AUROC,0.7837654320987653,0.05351073633607013,50,,,0.7938177748405124,0.056507812111472495
PE,Stanford PE,Stanford PE,classification,PE versus term control,Lasso,AUROC,0.8026543209876543,0.06766435811875779,50,,,0.8047052479956246,0.06641822657746098
PE,Stanford PE,Stanford PE,classification,PE versus term control,LongGroupLasso,AUROC,0.8126543209876544,0.062209169556804625,50,,,0.8169614789568365,0.06737765659447768
PE,Stanford PE,Stanford PE,classification,PE versus term control,MutualInfo,AUROC,0.7162345679012344,0.06376829119704834,50,,,0.7331518304918077,0.06268403161563402
PE,Stanford PE,Stanford PE,classification,PE versus term control,OutcomeSNN-FS,AUROC,0.7539506172839505,0.07039235753804243,50,,,0.7696099563751926,0.06712124327725116
PE,Stanford PE,Stanford PE,classification,PE versus term control,PGEE,AUROC,0.7615,0.06252867822773028,50,,,0.8178634920634922,0.046450163289189876
PE,Stanford PE,Stanford PE,classification,PE versus term control,RandomForest,AUROC,0.7778395061728396,0.05798517628680629,50,,,0.7816257599696769,0.06249871360147061
PE,Stanford PE,Stanford PE,classification,PE versus term control,SNN-FS,AUROC,0.8124691358024693,0.06915672037148865,50,,,0.8182886488000982,0.07378488936598807
PE,Stanford PE,Stanford PE,classification,PE versus term control,StabilitySelection,AUROC,0.7700617283950618,0.08228333112901474,50,,,0.776825552052809,0.07919587045744338
PE,Stanford PE,Stanford PE,classification,PE versus term control,Stabl-RP,AUROC,0.7350617283950617,0.059696203421712744,50,,,0.7514033664725319,0.06081910723358632
PE,Stanford PE,Stanford PE,classification,PE versus term control,glmmLasso,AUROC,0.8098333333333335,0.06433397659260374,50,,,0.8543238095238095,0.049702859962892545
PE,Stanford PE,Stanford PE,classification,PE versus term control,mRMR,AUROC,0.7787654320987653,0.05553959626318044,50,,,0.7969202019950565,0.05413686265229405
PE_LOPE_MATCHED,Stanford PE,Stanford PE,classification,Late-onset PE versus term control,Boruta,AUROC,0.6376923076923078,0.0823442444927842,50,,,0.5606866074279941,0.08861210465645325
PE_LOPE_MATCHED,Stanford PE,Stanford PE,classification,Late-onset PE versus term control,ElasticNet,AUROC,0.645042735042735,0.0847800947081727,50,,,0.5747802701952105,0.07547692676227215
PE_LOPE_MATCHED,Stanford PE,Stanford PE,classification,Late-onset PE versus term control,LLSS,AUROC,0.7112820512820514,0.06802171392050117,50,,,0.6329251091000619,0.07404728129201113
PE_LOPE_MATCHED,Stanford PE,Stanford PE,classification,Late-onset PE versus term control,Lasso,AUROC,0.658119658119658,0.0595543267314149,50,,,0.5707353015376467,0.059180067486479804
PE_LOPE_MATCHED,Stanford PE,Stanford PE,classification,Late-onset PE versus term control,LongGroupLasso,AUROC,0.7067521367521367,0.07618250208733267,50,,,0.6360304118073477,0.07975233336104878
PE_LOPE_MATCHED,Stanford PE,Stanford PE,classification,Late-onset PE versus term control,MutualInfo,AUROC,0.6245299145299146,0.06990170673307856,50,,,0.5563288106404579,0.07147890131447482
PE_LOPE_MATCHED,Stanford PE,Stanford PE,classification,Late-onset PE versus term control,OutcomeSNN-FS,AUROC,0.5998290598290599,0.06055205918612577,50,,,0.5238525212324652,0.0628614855179848
PE_LOPE_MATCHED,Stanford PE,Stanford PE,classification,Late-onset PE versus term control,PGEE,AUROC,0.6569444444444444,0.09396344434817049,50,,,0.6836,0.07077204809552406
PE_LOPE_MATCHED,Stanford PE,Stanford PE,classification,Late-onset PE versus term control,RandomForest,AUROC,0.6432478632478633,0.08359285043257168,50,,,0.5790004636475317,0.09083862794379975
PE_LOPE_MATCHED,Stanford PE,Stanford PE,classification,Late-onset PE versus term control,SNN-FS,AUROC,0.6403418803418803,0.08784575573768996,50,,,0.5648843929838777,0.0863788476129076
PE_LOPE_MATCHED,Stanford PE,Stanford PE,classification,Late-onset PE versus term control,StabilitySelection,AUROC,0.6505128205128206,0.0757035034722974,50,,,0.5791028781604904,0.0679712397238291
PE_LOPE_MATCHED,Stanford PE,Stanford PE,classification,Late-onset PE versus term control,Stabl-RP,AUROC,0.6287179487179487,0.060409582975317594,50,,,0.5602085542472807,0.06406661800875318
PE_LOPE_MATCHED,Stanford PE,Stanford PE,classification,Late-onset PE versus term control,glmmLasso,AUROC,0.7036111111111112,0.06841355006283147,50,,,0.7262238095238096,0.05785323143802727
PE_LOPE_MATCHED,Stanford PE,Stanford PE,classification,Late-onset PE versus term control,mRMR,AUROC,0.7043589743589744,0.07858966557576064,50,,,0.6221203665892336,0.07853225623702788
TRA,Korea COVID-19 (CODA),Korea COVID-19,regression,TCR-alpha clonal diversity,Boruta,RMSE,1.0588382136768062,0.013312216639114772,50,0.8277531471528718,0.012093548960814066,,
TRA,Korea COVID-19 (CODA),Korea COVID-19,regression,TCR-alpha clonal diversity,ElasticNet,RMSE,1.0816057345581171,0.01596124231671356,50,0.8457105541361897,0.014033361113292316,,
TRA,Korea COVID-19 (CODA),Korea COVID-19,regression,TCR-alpha clonal diversity,LLSS,RMSE,1.0499597120367286,0.010670920194371806,50,0.8238646464908972,0.00902081046281356,,
TRA,Korea COVID-19 (CODA),Korea COVID-19,regression,TCR-alpha clonal diversity,Lasso,RMSE,1.0733734168279623,0.016989995701317054,50,0.8406363439723361,0.015343451239438498,,
TRA,Korea COVID-19 (CODA),Korea COVID-19,regression,TCR-alpha clonal diversity,LongGroupLasso,RMSE,1.049551013692132,0.012400392834738691,50,0.824380448224925,0.009749186881493694,,
TRA,Korea COVID-19 (CODA),Korea COVID-19,regression,TCR-alpha clonal diversity,MutualInfo,RMSE,1.0707840075057398,0.013427093542892189,50,0.8419440499509144,0.0117302890657691,,
TRA,Korea COVID-19 (CODA),Korea COVID-19,regression,TCR-alpha clonal diversity,OutcomeSNN-FS,RMSE,1.066795484076951,0.016413869035412965,50,0.8287830747454771,0.014182371201309052,,
TRA,Korea COVID-19 (CODA),Korea COVID-19,regression,TCR-alpha clonal diversity,PGEE,RMSE,1.0499587992492958,0.011398045767195485,50,0.8259553397497631,0.01049506809008916,,
TRA,Korea COVID-19 (CODA),Korea COVID-19,regression,TCR-alpha clonal diversity,RandomForest,RMSE,1.0568791328503582,0.012020214776525599,50,0.8246174485052048,0.0098205440963582,,
TRA,Korea COVID-19 (CODA),Korea COVID-19,regression,TCR-alpha clonal diversity,SNN-FS,RMSE,1.0710755742203117,0.014064286579658816,50,0.8380488244750864,0.013468783039623188,,
TRA,Korea COVID-19 (CODA),Korea COVID-19,regression,TCR-alpha clonal diversity,StabilitySelection,RMSE,1.0698340106834792,0.0156940117981168,50,0.8388630778727613,0.013644404861199166,,
TRA,Korea COVID-19 (CODA),Korea COVID-19,regression,TCR-alpha clonal diversity,Stabl-RP,RMSE,1.0459950706331598,0.010862181869280086,50,0.8220200755573995,0.00902949982323249,,
TRA,Korea COVID-19 (CODA),Korea COVID-19,regression,TCR-alpha clonal diversity,geeVerse,RMSE,1.0580267823539062,0.011635243423096115,50,0.832150388598292,0.009424463487616594,,
TRA,Korea COVID-19 (CODA),Korea COVID-19,regression,TCR-alpha clonal diversity,glmmLasso,RMSE,1.0463637091022426,0.011806004735040463,50,0.8235619546912503,0.01064488372764464,,
TRA,Korea COVID-19 (CODA),Korea COVID-19,regression,TCR-alpha clonal diversity,mRMR,RMSE,1.0506445292923876,0.010105924682520771,50,0.8257554115043848,0.009571842000679323,,
TRB,Korea COVID-19 (CODA),Korea COVID-19,regression,TCR-beta clonal diversity,Boruta,RMSE,1.2078279264046223,0.016995441644278964,50,0.9635650351358811,0.01345358835526018,,
TRB,Korea COVID-19 (CODA),Korea COVID-19,regression,TCR-beta clonal diversity,ElasticNet,RMSE,1.2349610849370065,0.022118418928993636,50,0.9863280968536301,0.019987014882777075,,
TRB,Korea COVID-19 (CODA),Korea COVID-19,regression,TCR-beta clonal diversity,LLSS,RMSE,1.2066045228699505,0.014359075956526395,50,0.9669876541308102,0.010670806525405814,,
TRB,Korea COVID-19 (CODA),Korea COVID-19,regression,TCR-beta clonal diversity,Lasso,RMSE,1.229683345304782,0.02036647761153921,50,0.9857157057230599,0.017577735259841964,,
TRB,Korea COVID-19 (CODA),Korea COVID-19,regression,TCR-beta clonal diversity,LongGroupLasso,RMSE,1.207657644864472,0.020020115784065245,50,0.9682327468586671,0.014947832336668866,,
TRB,Korea COVID-19 (CODA),Korea COVID-19,regression,TCR-beta clonal diversity,MutualInfo,RMSE,1.213732822188961,0.011601045679375234,50,0.9656793342272131,0.009180101929518144,,
TRB,Korea COVID-19 (CODA),Korea COVID-19,regression,TCR-beta clonal diversity,OutcomeSNN-FS,RMSE,1.2114922921409805,0.014378615410475831,50,0.9636931597589345,0.013908005636303207,,
TRB,Korea COVID-19 (CODA),Korea COVID-19,regression,TCR-beta clonal diversity,PGEE,RMSE,1.2014544489310708,0.016723858784063097,50,0.9671049859045777,0.01391656383525539,,
TRB,Korea COVID-19 (CODA),Korea COVID-19,regression,TCR-beta clonal diversity,RandomForest,RMSE,1.2054409207934074,0.012985077629676189,50,0.9608991223942782,0.011270124050360203,,
TRB,Korea COVID-19 (CODA),Korea COVID-19,regression,TCR-beta clonal diversity,SNN-FS,RMSE,1.2230961747497373,0.017434236152150177,50,0.9795875200152564,0.015845574975355454,,
TRB,Korea COVID-19 (CODA),Korea COVID-19,regression,TCR-beta clonal diversity,StabilitySelection,RMSE,1.2172574473178324,0.019542794589138154,50,0.9772166042419699,0.01607161258885875,,
TRB,Korea COVID-19 (CODA),Korea COVID-19,regression,TCR-beta clonal diversity,Stabl-RP,RMSE,1.200453962408152,0.016299809686089618,50,0.9664526767042946,0.011675659082797937,,
TRB,Korea COVID-19 (CODA),Korea COVID-19,regression,TCR-beta clonal diversity,geeVerse,RMSE,1.2106911275272139,0.01316209986881243,50,0.9701042032838543,0.010431204883975647,,
TRB,Korea COVID-19 (CODA),Korea COVID-19,regression,TCR-beta clonal diversity,glmmLasso,RMSE,1.1959123841235189,0.017013432945316438,50,0.9632943102596597,0.012949616774777814,,
TRB,Korea COVID-19 (CODA),Korea COVID-19,regression,TCR-beta clonal diversity,mRMR,RMSE,1.202873223049693,0.0137101770014668,50,0.9644331034576904,0.010804837869472828,,
