Task,Cohort,TaskType,Method,MeanRank,SDRank,WinRate,Repeats
BRIST1D,BrisT1D,regression,Boruta,10.44,3.682057987105603,0.0,50
BRIST1D,BrisT1D,regression,ElasticNet,9.69,3.160486271032949,0.0,50
BRIST1D,BrisT1D,regression,LLSS,7.48,4.116864271332179,0.02,50
BRIST1D,BrisT1D,regression,Lasso,9.77,3.287592630804864,0.0,50
BRIST1D,BrisT1D,regression,LongGroupLasso,7.54,3.258959393200629,0.0,50
BRIST1D,BrisT1D,regression,MutualInfo,8.24,3.54884286976554,0.0,50
BRIST1D,BrisT1D,regression,OutcomeSNN-FS,10.14,3.1037173235476514,0.0,50
BRIST1D,BrisT1D,regression,PGEE,1.74,1.6011475476631611,0.64,50
BRIST1D,BrisT1D,regression,RandomForest,10.24,3.165889628975897,0.0,50
BRIST1D,BrisT1D,regression,SNN-FS,10.46,3.0918589613264533,0.0,50
BRIST1D,BrisT1D,regression,StabilitySelection,8.5,4.046918706918656,0.02,50
BRIST1D,BrisT1D,regression,Stabl-RP,11.26,3.7947869720532807,0.0,50
BRIST1D,BrisT1D,regression,geeVerse,3.64,2.9399430787214995,0.14,50
BRIST1D,BrisT1D,regression,glmmLasso,3.28,2.579669334924734,0.16,50
BRIST1D,BrisT1D,regression,mRMR,7.58,3.3508451568680586,0.02,50
FPG,Japan T2D,regression,Boruta,6.82,2.4882581400306063,0.0,50
FPG,Japan T2D,regression,ElasticNet,7.16,3.781588047800197,0.1,50
FPG,Japan T2D,regression,LLSS,3.14,2.185387463894432,0.16,50
FPG,Japan T2D,regression,Lasso,9.22,3.196235030054414,0.02,50
FPG,Japan T2D,regression,LongGroupLasso,4.98,2.055257072157413,0.02,50
FPG,Japan T2D,regression,MutualInfo,8.38,3.1421427759555733,0.02,50
FPG,Japan T2D,regression,OutcomeSNN-FS,8.34,3.248924468817586,0.02,50
FPG,Japan T2D,regression,PGEE,9.72,2.899964813298145,0.0,50
FPG,Japan T2D,regression,RandomForest,7.06,2.469487263975819,0.0,50
FPG,Japan T2D,regression,SNN-FS,8.78,3.4183777033044462,0.02,50
FPG,Japan T2D,regression,StabilitySelection,14.8,0.40406101782088427,0.0,50
FPG,Japan T2D,regression,Stabl-RP,2.64,2.310225715626691,0.46,50
FPG,Japan T2D,regression,geeVerse,13.96,1.6408061731841406,0.0,50
FPG,Japan T2D,regression,glmmLasso,4.02,2.51111813455964,0.18,50
FPG,Japan T2D,regression,mRMR,10.98,2.2450853354082794,0.0,50
FPG_KARE,Korea KARE,regression,Boruta,9.36,2.21091909967464,0.0,50
FPG_KARE,Korea KARE,regression,ElasticNet,4.96,3.0217578341361615,0.08,50
FPG_KARE,Korea KARE,regression,LLSS,13.24,1.1168468734681178,0.0,50
FPG_KARE,Korea KARE,regression,Lasso,5.18,2.831600110127394,0.06,50
FPG_KARE,Korea KARE,regression,LongGroupLasso,8.72,2.222702895860197,0.0,50
FPG_KARE,Korea KARE,regression,MutualInfo,10.0,2.842821248876057,0.0,50
FPG_KARE,Korea KARE,regression,OutcomeSNN-FS,6.7,2.922467506496969,0.0,50
FPG_KARE,Korea KARE,regression,PGEE,2.54,1.3881422029137376,0.28,50
FPG_KARE,Korea KARE,regression,RandomForest,9.38,2.3464258534448272,0.0,50
FPG_KARE,Korea KARE,regression,SNN-FS,7.0,3.136356914300021,0.04,50
FPG_KARE,Korea KARE,regression,StabilitySelection,15.0,0.0,0.0,50
FPG_KARE,Korea KARE,regression,Stabl-RP,11.94,1.3311035777481321,0.0,50
FPG_KARE,Korea KARE,regression,geeVerse,3.74,2.9123943442340585,0.22,50
FPG_KARE,Korea KARE,regression,glmmLasso,2.44,1.4165206007132045,0.3,50
FPG_KARE,Korea KARE,regression,mRMR,9.8,2.2131333406899523,0.0,50
GSE41848_MS,GSE41848,classification,Boruta,4.68,3.4548989175679576,0.24,50
GSE41848_MS,GSE41848,classification,ElasticNet,8.44,4.0059139954291965,0.04,50
GSE41848_MS,GSE41848,classification,LLSS,8.46,3.9186107492428532,0.02,50
GSE41848_MS,GSE41848,classification,Lasso,6.18,3.274452750663312,0.1,50
GSE41848_MS,GSE41848,classification,LongGroupLasso,7.32,3.966389403217892,0.06,50
GSE41848_MS,GSE41848,classification,MutualInfo,13.28,1.7732709313351889,0.0,50
GSE41848_MS,GSE41848,classification,OutcomeSNN-FS,5.4,3.5283111529224196,0.22,50
GSE41848_MS,GSE41848,classification,PGEE,6.3,3.308924234828706,0.04,50
GSE41848_MS,GSE41848,classification,RandomForest,6.68,3.303924691536861,0.04,50
GSE41848_MS,GSE41848,classification,SNN-FS,6.6,3.010186786529354,0.0,50
GSE41848_MS,GSE41848,classification,StabilitySelection,9.36,3.7891359200229493,0.02,50
GSE41848_MS,GSE41848,classification,Stabl-RP,8.98,3.472868601967344,0.04,50
GSE41848_MS,GSE41848,classification,glmmLasso,7.3,3.4655741344880586,0.06,50
GSE41848_MS,GSE41848,classification,mRMR,6.02,4.0024992192379,0.12,50
GSE41849_MS,GSE41849,classification,Boruta,6.24,3.0875655822168047,0.08,50
GSE41849_MS,GSE41849,classification,ElasticNet,12.89,1.4683393368575484,0.0,50
GSE41849_MS,GSE41849,classification,LLSS,3.98,2.5434188785641925,0.18,50
GSE41849_MS,GSE41849,classification,Lasso,12.58,1.1795883059053152,0.0,50
GSE41849_MS,GSE41849,classification,LongGroupLasso,5.45,2.694003166520873,0.04,50
GSE41849_MS,GSE41849,classification,MutualInfo,4.99,2.987200586994247,0.08,50
GSE41849_MS,GSE41849,classification,OutcomeSNN-FS,6.69,2.7384078496492092,0.04,50
GSE41849_MS,GSE41849,classification,PGEE,5.83,2.687100705980636,0.06,50
GSE41849_MS,GSE41849,classification,RandomForest,6.67,3.1953569632278924,0.04,50
GSE41849_MS,GSE41849,classification,SNN-FS,11.9,1.5939938288872426,0.0,50
GSE41849_MS,GSE41849,classification,StabilitySelection,11.87,1.7077554190892126,0.0,50
GSE41849_MS,GSE41849,classification,Stabl-RP,5.48,2.7010202154152108,0.06,50
GSE41849_MS,GSE41849,classification,glmmLasso,5.69,3.065426028253475,0.14,50
GSE41849_MS,GSE41849,classification,mRMR,4.74,3.0459742585375653,0.16,50
GSE48023_H1N1,GSE48023,regression,Boruta,10.48,3.2086617465980476,0.0,50
GSE48023_H1N1,GSE48023,regression,ElasticNet,9.12,3.3541932330886897,0.02,50
GSE48023_H1N1,GSE48023,regression,LLSS,3.8,2.2131333406899523,0.1,50
GSE48023_H1N1,GSE48023,regression,Lasso,11.54,3.144220483518863,0.0,50
GSE48023_H1N1,GSE48023,regression,LongGroupLasso,9.78,3.370278254121472,0.02,50
GSE48023_H1N1,GSE48023,regression,MutualInfo,6.88,4.0185285153363575,0.1,50
GSE48023_H1N1,GSE48023,regression,OutcomeSNN-FS,9.68,3.6946734963861094,0.02,50
GSE48023_H1N1,GSE48023,regression,PGEE,6.6,3.4404555939406554,0.04,50
GSE48023_H1N1,GSE48023,regression,RandomForest,11.32,2.9098004700512035,0.0,50
GSE48023_H1N1,GSE48023,regression,SNN-FS,10.76,3.2922915535337065,0.0,50
GSE48023_H1N1,GSE48023,regression,StabilitySelection,11.0,3.4226138716316967,0.02,50
GSE48023_H1N1,GSE48023,regression,Stabl-RP,3.3,2.5813301427989503,0.32,50
GSE48023_H1N1,GSE48023,regression,geeVerse,2.96,1.9687352202231103,0.24,50
GSE48023_H1N1,GSE48023,regression,glmmLasso,7.36,3.1217472867688985,0.04,50
GSE48023_H1N1,GSE48023,regression,mRMR,5.42,3.670566880536274,0.08,50
IGG,Korea COVID-19,regression,Boruta,8.48,3.9498902077223903,0.04,50
IGG,Korea COVID-19,regression,ElasticNet,10.74,3.607305512598634,0.0,50
IGG,Korea COVID-19,regression,LLSS,9.08,3.294026752304535,0.0,50
IGG,Korea COVID-19,regression,Lasso,7.34,4.1483215194306515,0.06,50
IGG,Korea COVID-19,regression,LongGroupLasso,7.44,3.417601498127013,0.0,50
IGG,Korea COVID-19,regression,MutualInfo,11.4,3.614031611621005,0.02,50
IGG,Korea COVID-19,regression,OutcomeSNN-FS,2.16,1.6946494430099333,0.52,50
IGG,Korea COVID-19,regression,PGEE,3.64,2.981302276741847,0.18,50
IGG,Korea COVID-19,regression,RandomForest,8.08,3.778780712540672,0.02,50
IGG,Korea COVID-19,regression,SNN-FS,7.58,4.1800790930902005,0.06,50
IGG,Korea COVID-19,regression,StabilitySelection,8.1,3.7430207161639717,0.02,50
IGG,Korea COVID-19,regression,Stabl-RP,8.54,2.8371442957844146,0.0,50
IGG,Korea COVID-19,regression,geeVerse,13.14,2.4412275266215344,0.0,50
IGG,Korea COVID-19,regression,glmmLasso,5.12,3.0145226717965663,0.08,50
IGG,Korea COVID-19,regression,mRMR,9.16,3.2473537107079937,0.0,50
IGM,Korea COVID-19,regression,Boruta,11.14,3.3503578852390787,0.0,50
IGM,Korea COVID-19,regression,ElasticNet,8.96,3.8964138404854443,0.04,50
IGM,Korea COVID-19,regression,LLSS,9.42,2.9903927801531087,0.0,50
IGM,Korea COVID-19,regression,Lasso,6.96,2.649297172875116,0.0,50
IGM,Korea COVID-19,regression,LongGroupLasso,4.68,2.428067174540612,0.06,50
IGM,Korea COVID-19,regression,MutualInfo,11.62,2.617757257887845,0.0,50
IGM,Korea COVID-19,regression,OutcomeSNN-FS,3.92,2.5780866184527036,0.22,50
IGM,Korea COVID-19,regression,PGEE,4.08,3.24408409765423,0.2,50
IGM,Korea COVID-19,regression,RandomForest,12.12,2.6545302055627276,0.02,50
IGM,Korea COVID-19,regression,SNN-FS,7.62,3.9012818406262317,0.04,50
IGM,Korea COVID-19,regression,StabilitySelection,8.82,3.6235623468670513,0.04,50
IGM,Korea COVID-19,regression,Stabl-RP,4.72,2.642200690673575,0.1,50
IGM,Korea COVID-19,regression,geeVerse,13.62,1.9988772358705855,0.0,50
IGM,Korea COVID-19,regression,glmmLasso,3.52,2.366776849020884,0.28,50
IGM,Korea COVID-19,regression,mRMR,8.8,2.7404751561786966,0.0,50
KARE_STATUS,Korea KARE,regression,Boruta,10.42,1.938756176058269,0.0,50
KARE_STATUS,Korea KARE,regression,ElasticNet,2.5,2.0429070922964416,0.38,50
KARE_STATUS,Korea KARE,regression,LLSS,12.06,1.5173822786601394,0.0,50
KARE_STATUS,Korea KARE,regression,Lasso,3.66,2.615573453335983,0.26,50
KARE_STATUS,Korea KARE,regression,LongGroupLasso,4.38,2.4234399568567397,0.08,50
KARE_STATUS,Korea KARE,regression,MutualInfo,14.5,0.5439837932759934,0.0,50
KARE_STATUS,Korea KARE,regression,OutcomeSNN-FS,6.84,3.1581446374446513,0.04,50
KARE_STATUS,Korea KARE,regression,PGEE,6.76,2.8611400610560103,0.04,50
KARE_STATUS,Korea KARE,regression,RandomForest,9.48,2.6668027176178364,0.0,50
KARE_STATUS,Korea KARE,regression,SNN-FS,4.94,2.81693131631148,0.08,50
KARE_STATUS,Korea KARE,regression,StabilitySelection,5.98,3.04718002790268,0.06,50
KARE_STATUS,Korea KARE,regression,Stabl-RP,9.58,2.9143557414555796,0.0,50
KARE_STATUS,Korea KARE,regression,geeVerse,14.46,0.542481072744215,0.0,50
KARE_STATUS,Korea KARE,regression,glmmLasso,6.04,2.7177421601357974,0.06,50
KARE_STATUS,Korea KARE,regression,mRMR,8.4,2.5152595516655727,0.0,50
OLINK_COVID,Olink COVID,classification,Boruta,6.46,3.116512965033916,0.06,50
OLINK_COVID,Olink COVID,classification,ElasticNet,12.04,1.7838275747186247,0.0,50
OLINK_COVID,Olink COVID,classification,LLSS,3.62,2.4837430607526083,0.16,50
OLINK_COVID,Olink COVID,classification,Lasso,12.91,1.223452792180343,0.0,50
OLINK_COVID,Olink COVID,classification,LongGroupLasso,6.48,2.9101511286936175,0.04,50
OLINK_COVID,Olink COVID,classification,MutualInfo,4.59,2.85837473443371,0.18,50
OLINK_COVID,Olink COVID,classification,OutcomeSNN-FS,9.49,2.627348317919318,0.02,50
OLINK_COVID,Olink COVID,classification,PGEE,3.74,2.7109754250273173,0.18,50
OLINK_COVID,Olink COVID,classification,RandomForest,5.68,3.381763819460526,0.1,50
OLINK_COVID,Olink COVID,classification,SNN-FS,9.79,2.457994038617171,0.0,50
OLINK_COVID,Olink COVID,classification,StabilitySelection,11.62,2.1106145734242956,0.0,50
OLINK_COVID,Olink COVID,classification,Stabl-RP,5.84,2.9665481899448904,0.04,50
OLINK_COVID,Olink COVID,classification,glmmLasso,4.76,3.0892175880184367,0.1,50
OLINK_COVID,Olink COVID,classification,mRMR,7.98,2.793870842704488,0.02,50
PE,Stanford PE,classification,Boruta,7.82,3.7194469634995087,0.04,50
PE,Stanford PE,classification,ElasticNet,6.69,3.466884150687143,0.1,50
PE,Stanford PE,classification,LLSS,7.27,3.946336456584946,0.08,50
PE,Stanford PE,classification,Lasso,5.69,4.01894747110611,0.18,50
PE,Stanford PE,classification,LongGroupLasso,5.15,3.6439074116242023,0.12,50
PE,Stanford PE,classification,MutualInfo,11.33,2.8223054695169525,0.0,50
PE,Stanford PE,classification,OutcomeSNN-FS,8.88,3.539226250041044,0.0,50
PE,Stanford PE,classification,PGEE,8.62,3.6359317925395684,0.0,50
PE,Stanford PE,classification,RandomForest,7.79,3.9423006853711136,0.02,50
PE,Stanford PE,classification,SNN-FS,5.28,3.8013960915560956,0.2,50
PE,Stanford PE,classification,StabilitySelection,7.75,4.099838224782505,0.04,50
PE,Stanford PE,classification,Stabl-RP,10.34,3.1435713474210396,0.0,50
PE,Stanford PE,classification,glmmLasso,5.23,3.6939139134527754,0.16,50
PE,Stanford PE,classification,mRMR,7.16,3.1838880095164868,0.06,50
PE_LOPE_MATCHED,Stanford PE,classification,Boruta,8.89,3.7975421696950575,0.02,50
PE_LOPE_MATCHED,Stanford PE,classification,ElasticNet,8.16,3.93498178301413,0.02,50
PE_LOPE_MATCHED,Stanford PE,classification,LLSS,4.5,3.232488142567074,0.18,50
PE_LOPE_MATCHED,Stanford PE,classification,Lasso,7.38,3.2694629153887096,0.0,50
PE_LOPE_MATCHED,Stanford PE,classification,LongGroupLasso,4.84,3.6497693525112807,0.2,50
PE_LOPE_MATCHED,Stanford PE,classification,MutualInfo,9.18,3.657198660288545,0.0,50
PE_LOPE_MATCHED,Stanford PE,classification,OutcomeSNN-FS,10.87,2.791769974735873,0.0,50
PE_LOPE_MATCHED,Stanford PE,classification,PGEE,7.26,4.15422086803388,0.16,50
PE_LOPE_MATCHED,Stanford PE,classification,RandomForest,8.52,3.768776123542994,0.04,50
PE_LOPE_MATCHED,Stanford PE,classification,SNN-FS,8.55,3.8202601685097366,0.04,50
PE_LOPE_MATCHED,Stanford PE,classification,StabilitySelection,7.9,3.9744079266410157,0.06,50
PE_LOPE_MATCHED,Stanford PE,classification,Stabl-RP,9.44,3.1633100720993035,0.0,50
PE_LOPE_MATCHED,Stanford PE,classification,glmmLasso,4.72,3.010457962313565,0.16,50
PE_LOPE_MATCHED,Stanford PE,classification,mRMR,4.79,3.2231465168973865,0.12,50
TRA,Korea COVID-19,regression,Boruta,8.0,3.0371845179241856,0.02,50
TRA,Korea COVID-19,regression,ElasticNet,13.54,2.130536006142442,0.0,50
TRA,Korea COVID-19,regression,LLSS,4.9,2.757179866516969,0.06,50
TRA,Korea COVID-19,regression,Lasso,11.82,3.0012922386933294,0.0,50
TRA,Korea COVID-19,regression,LongGroupLasso,4.84,2.698147512646408,0.08,50
TRA,Korea COVID-19,regression,MutualInfo,11.38,2.7096953665664776,0.0,50
TRA,Korea COVID-19,regression,OutcomeSNN-FS,10.22,3.144739695921117,0.0,50
TRA,Korea COVID-19,regression,PGEE,5.0,2.9277002188455996,0.12,50
TRA,Korea COVID-19,regression,RandomForest,7.92,3.463158874171831,0.06,50
TRA,Korea COVID-19,regression,SNN-FS,11.34,2.7965722458986484,0.0,50
TRA,Korea COVID-19,regression,StabilitySelection,11.0,3.625307868699863,0.02,50
TRA,Korea COVID-19,regression,Stabl-RP,3.48,2.484564594549676,0.3,50
TRA,Korea COVID-19,regression,geeVerse,8.08,3.167694068922331,0.06,50
TRA,Korea COVID-19,regression,glmmLasso,3.5,2.3145502494313788,0.24,50
TRA,Korea COVID-19,regression,mRMR,4.98,2.0651629376840157,0.04,50
TRB,Korea COVID-19,regression,Boruta,7.08,3.663610352688524,0.06,50
TRB,Korea COVID-19,regression,ElasticNet,13.16,2.288926314556541,0.0,50
TRB,Korea COVID-19,regression,LLSS,6.88,3.120962698153457,0.02,50
TRB,Korea COVID-19,regression,Lasso,12.24,3.2798705798260035,0.0,50
TRB,Korea COVID-19,regression,LongGroupLasso,7.42,4.175193995248506,0.06,50
TRB,Korea COVID-19,regression,MutualInfo,9.06,3.861954670571759,0.06,50
TRB,Korea COVID-19,regression,OutcomeSNN-FS,8.2,3.7688302737922625,0.02,50
TRB,Korea COVID-19,regression,PGEE,5.52,3.6990897942767553,0.12,50
TRB,Korea COVID-19,regression,RandomForest,6.74,3.6410920093301904,0.12,50
TRB,Korea COVID-19,regression,SNN-FS,11.34,3.1790770063408185,0.0,50
TRB,Korea COVID-19,regression,StabilitySelection,9.66,3.8471298604629016,0.04,50
TRB,Korea COVID-19,regression,Stabl-RP,4.8,3.226168511610347,0.2,50
TRB,Korea COVID-19,regression,geeVerse,8.62,3.7465085787453156,0.0,50
TRB,Korea COVID-19,regression,glmmLasso,3.8,3.282607226593159,0.3,50
TRB,Korea COVID-19,regression,mRMR,5.48,2.517206096173344,0.0,50
