ArrayJobID,ArrayTask,Method,CompletedDatasetRepeats,WallSeconds,CPUSeconds,PeakRSS_MB,AllocatedCPUs,RequestedMemory
409863,409863_1,geeVerse,8,2076.0,1676.426,446.35,2,8192M
409863,409863_2,geeVerse,8,2089.0,1689.352,441.23,2,8192M
409863,409863_3,geeVerse,8,1903.0,1703.65,446.67,2,8192M
409863,409863_4,geeVerse,8,958.0,1130.403,439.58,2,8192M
409863,409863_5,geeVerse,8,985.0,1146.953,436.45,2,8192M
409863,409863_6,geeVerse,8,1869.0,1672.165,449.46,2,8192M
409863,409863_7,geeVerse,8,936.0,1107.491,443.78,2,8192M
409863,409863_8,geeVerse,8,2107.0,1645.012,437.77,2,8192M
409863,409863_9,geeVerse,8,2094.0,1636.572,444.4,2,8192M
409863,409863_10,geeVerse,8,945.0,1112.36,429.12,2,8192M
409863,409863_11,geeVerse,8,1851.0,1716.654,447.25,2,8192M
409863,409863_12,geeVerse,8,979.0,1150.085,442.95,2,8192M
409863,409863_13,geeVerse,8,2058.0,1664.643,439.08,2,8192M
409863,409863_14,geeVerse,8,1959.0,1613.699,442.79,2,8192M
409863,409863_15,geeVerse,8,976.0,1162.264,436.79,2,8192M
409863,409863_16,geeVerse,8,1726.0,1720.907,442.17,2,8192M
409863,409863_17,geeVerse,8,946.0,1126.765,435.96,2,8192M
409863,409863_18,geeVerse,8,1717.0,1590.13,438.48,2,8192M
409863,409863_19,geeVerse,8,1723.0,1590.061,439.62,2,8192M
409863,409863_20,geeVerse,8,1411.0,1619.438,431.59,2,8192M
409863,409863_21,geeVerse,8,1474.0,1609.608,448.07,2,8192M
409863,409863_22,geeVerse,8,1484.0,1661.47,435.4,2,8192M
409863,409863_23,geeVerse,8,1650.0,1622.847,438.43,2,8192M
409863,409863_24,geeVerse,8,1714.0,1653.46,430.65,2,8192M
409863,409863_25,geeVerse,8,1428.0,1637.125,438.66,2,8192M
409863,409863_26,geeVerse,8,1484.0,1588.672,437.3,2,8192M
409863,409863_27,geeVerse,8,1258.0,1531.309,442.27,2,8192M
409863,409863_28,geeVerse,8,1630.0,1613.371,436.27,2,8192M
409863,409863_29,geeVerse,8,1448.0,1634.127,441.78,2,8192M
409863,409863_30,geeVerse,8,1796.0,1706.181,448.76,2,8192M
409863,409863_31,geeVerse,8,1518.0,1609.867,451.79,2,8192M
409863,409863_32,geeVerse,8,1622.0,1742.713,434.0,2,8192M
409863,409863_33,geeVerse,8,1443.0,1682.996,440.24,2,8192M
409863,409863_34,geeVerse,8,1606.0,1555.071,435.6,2,8192M
409863,409863_35,geeVerse,8,1465.0,1580.504,434.13,2,8192M
409863,409863_36,geeVerse,8,1731.0,1603.055,395.6,2,8192M
409863,409863_37,geeVerse,8,1349.0,1619.521,434.81,2,8192M
409863,409863_38,geeVerse,8,1365.0,1613.278,446.37,2,8192M
409863,409863_39,geeVerse,8,1502.0,1595.23,440.42,2,8192M
409863,409863_40,geeVerse,8,1640.0,1617.707,436.15,2,8192M
409863,409863_41,geeVerse,8,1264.0,1522.375,439.19,2,8192M
409863,409863_42,geeVerse,8,1768.0,1660.028,438.02,2,8192M
409863,409863_43,geeVerse,8,1360.0,1616.636,440.22,2,8192M
409863,409863_44,geeVerse,8,1489.0,1594.873,445.78,2,8192M
409863,409863_45,geeVerse,8,1439.0,1663.304,440.67,2,8192M
409863,409863_46,geeVerse,8,1628.0,1584.067,456.38,2,8192M
409863,409863_47,geeVerse,8,1715.0,1734.151,444.65,2,8192M
409863,409863_48,geeVerse,8,1262.0,1549.567,425.93,2,8192M
409863,409863_49,geeVerse,8,1094.0,1488.13,436.8,2,8192M
409863,409863_50,geeVerse,8,1351.0,1617.103,451.46,2,8192M
410117,410117_1,glmmLasso,1,67.0,63.153,271.9,2,12288M
410117,410117_2,glmmLasso,1,69.0,63.831,299.77,2,12288M
410117,410117_3,glmmLasso,1,292.0,314.707,397.31,2,12288M
410117,410117_4,glmmLasso,1,298.0,346.647,460.11,2,12288M
410117,410117_5,glmmLasso,1,275.0,325.117,481.91,2,12288M
410117,410117_6,glmmLasso,1,66.0,78.46600000000001,315.84,2,12288M
410117,410117_7,glmmLasso,1,207.0,217.40699999999998,333.57,2,12288M
410117,410117_8,glmmLasso,1,212.0,224.111,329.55,2,12288M
410117,410117_9,glmmLasso,1,155.0,155.177,334.16,2,12288M
410117,410117_10,glmmLasso,1,43.0,40.193,263.27,2,12288M
410117,410117_11,glmmLasso,1,104.0,121.007,336.72,2,12288M
410117,410117_12,glmmLasso,1,84.0,87.312,232.33,2,12288M
410117,410117_13,glmmLasso,1,37.0,35.74,307.61,2,12288M
410117,410117_14,glmmLasso,1,84.0,96.314,243.11,2,12288M
410117,410117_15,glmmLasso,1,61.0,55.445,181.86,2,12288M
410117,410117_16,glmmLasso,1,64.0,54.823,282.05,2,12288M
410117,410117_17,glmmLasso,1,201.0,238.183,385.5,2,12288M
410117,410117_18,glmmLasso,1,321.0,386.92,437.26,2,12288M
410117,410117_19,glmmLasso,1,190.0,239.506,436.07,2,12288M
410117,410117_20,glmmLasso,1,137.0,133.376,330.15,2,12288M
410117,410117_21,glmmLasso,1,262.0,274.322,328.32,2,12288M
410117,410117_22,glmmLasso,1,147.0,151.995,336.4,2,12288M
410117,410117_23,glmmLasso,1,149.0,157.606,326.04,2,12288M
410117,410117_24,glmmLasso,1,79.0,71.504,312.91,2,12288M
410117,410117_25,glmmLasso,1,110.0,128.955,403.34,2,12288M
410117,410117_26,glmmLasso,1,129.0,124.993,317.96,2,12288M
410117,410117_27,glmmLasso,1,65.0,56.674,231.84,2,12288M
410117,410117_28,glmmLasso,1,54.0,66.68299999999999,349.31,2,12288M
410117,410117_29,glmmLasso,1,66.0,57.016,235.11,2,12288M
410117,410117_30,glmmLasso,1,34.0,32.998,177.29,2,12288M
410117,410117_31,glmmLasso,1,237.0,263.117,375.66,2,12288M
410117,410117_32,glmmLasso,1,270.0,337.239,381.66,2,12288M
410117,410117_33,glmmLasso,1,279.0,350.621,426.76,2,12288M
410117,410117_34,glmmLasso,1,134.0,138.965,329.85,2,12288M
410117,410117_35,glmmLasso,1,62.0,71.95400000000001,327.7,2,12288M
410117,410117_36,glmmLasso,1,180.0,190.837,315.4,2,12288M
410117,410117_37,glmmLasso,1,154.0,159.492,331.11,2,12288M
410117,410117_38,glmmLasso,1,42.0,39.231,133.29,2,12288M
410117,410117_39,glmmLasso,1,138.0,147.751,406.93,2,12288M
410117,410117_40,glmmLasso,1,55.0,59.819,114.98,2,12288M
410117,410117_41,glmmLasso,1,79.0,63.38,229.87,2,12288M
410117,410117_42,glmmLasso,1,101.0,106.947,346.4,2,12288M
410117,410117_43,glmmLasso,1,73.0,60.85,182.37,2,12288M
410117,410117_44,glmmLasso,1,37.0,34.372,263.22,2,12288M
410117,410117_45,glmmLasso,1,159.0,187.905,404.72,2,12288M
410117,410117_46,glmmLasso,1,158.0,222.812,448.45,2,12288M
410117,410117_47,glmmLasso,1,266.0,336.092,456.23,2,12288M
410117,410117_48,glmmLasso,1,172.0,177.129,330.32,2,12288M
410117,410117_49,glmmLasso,1,168.0,171.439,331.11,2,12288M
410117,410117_50,glmmLasso,1,139.0,146.786,332.59,2,12288M
410117,410117_51,glmmLasso,1,154.0,156.72,336.54,2,12288M
410117,410117_52,glmmLasso,1,83.0,72.47,326.79,2,12288M
410117,410117_53,glmmLasso,1,120.0,138.972,422.41,2,12288M
410117,410117_54,glmmLasso,1,54.0,58.597,311.45,2,12288M
410117,410117_55,glmmLasso,1,76.0,61.919,302.14,2,12288M
410117,410117_56,glmmLasso,1,116.0,123.439,347.9,2,12288M
410117,410117_57,glmmLasso,1,75.0,62.518,331.16,2,12288M
410117,410117_58,glmmLasso,1,69.0,55.588,292.61,2,12288M
410117,410117_59,glmmLasso,1,117.0,150.278,363.74,2,12288M
410117,410117_60,glmmLasso,1,239.0,320.053,468.84,2,12288M
410117,410117_61,glmmLasso,1,213.0,270.783,437.22,2,12288M
410117,410117_62,glmmLasso,1,94.0,105.60499999999999,337.81,2,12288M
410117,410117_63,glmmLasso,1,142.0,145.304,298.14,2,12288M
410117,410117_64,glmmLasso,1,124.0,136.823,332.73,2,12288M
410117,410117_65,glmmLasso,1,97.0,108.91,307.24,2,12288M
410117,410117_66,glmmLasso,1,39.0,38.167,131.86,2,12288M
410117,410117_67,glmmLasso,1,131.0,141.61599999999999,334.71,2,12288M
410117,410117_68,glmmLasso,1,83.0,86.735,311.61,2,12288M
410117,410117_69,glmmLasso,1,35.0,35.052,315.36,2,12288M
410117,410117_70,glmmLasso,1,83.0,89.851,342.36,2,12288M
410117,410117_71,glmmLasso,1,56.0,53.817,127.07,2,12288M
410117,410117_72,glmmLasso,1,68.0,60.32,233.49,2,12288M
410117,410117_73,glmmLasso,1,120.0,159.037,379.76,2,12288M
410117,410117_74,glmmLasso,1,231.0,289.2,423.16,2,12288M
410117,410117_75,glmmLasso,1,235.0,313.799,389.27,2,12288M
410117,410117_76,glmmLasso,1,112.0,119.491,305.02,2,12288M
410117,410117_77,glmmLasso,1,111.0,118.227,322.77,2,12288M
410117,410117_78,glmmLasso,1,117.0,131.922,328.21,2,12288M
410117,410117_79,glmmLasso,1,107.0,108.188,329.64,2,12288M
410117,410117_80,glmmLasso,1,82.0,61.704,165.42,2,12288M
410117,410117_81,glmmLasso,1,83.0,105.843,361.11,2,12288M
410117,410117_82,glmmLasso,1,104.0,106.673,311.78,2,12288M
410117,410117_83,glmmLasso,1,76.0,61.288,232.2,2,12288M
410117,410117_84,glmmLasso,1,85.0,93.63300000000001,229.51,2,12288M
410117,410117_85,glmmLasso,1,68.0,58.151,238.14,2,12288M
410117,410117_86,glmmLasso,1,73.0,59.583,228.89,2,12288M
410117,410117_87,glmmLasso,1,128.0,164.652,411.02,2,12288M
410117,410117_88,glmmLasso,1,253.0,320.719,481.93,2,12288M
410117,410117_89,glmmLasso,1,239.0,282.34000000000003,445.03,2,12288M
410117,410117_90,glmmLasso,1,138.0,141.03,335.55,2,12288M
410117,410117_91,glmmLasso,1,133.0,133.041,319.75,2,12288M
410117,410117_92,glmmLasso,1,144.0,143.252,318.29,2,12288M
410117,410117_93,glmmLasso,1,114.0,132.028,332.23,2,12288M
410117,410117_94,glmmLasso,1,86.0,74.469,284.12,2,12288M
410117,410117_95,glmmLasso,1,85.0,103.503,441.34,2,12288M
410117,410117_96,glmmLasso,1,146.0,151.136,332.75,2,12288M
410117,410117_97,glmmLasso,1,77.0,73.914,231.09,2,12288M
410117,410117_98,glmmLasso,1,93.0,101.787,342.75,2,12288M
410117,410117_99,glmmLasso,1,69.0,63.493,307.41,2,12288M
410117,410117_100,glmmLasso,1,67.0,56.489,304.74,2,12288M
410117,410117_101,glmmLasso,1,121.0,162.01,407.04,2,12288M
410117,410117_102,glmmLasso,1,242.0,333.063,395.66,2,12288M
410117,410117_103,glmmLasso,1,226.0,286.132,450.72,2,12288M
410117,410117_104,glmmLasso,1,101.0,111.72800000000001,299.91,2,12288M
410117,410117_105,glmmLasso,1,100.0,108.779,300.09,2,12288M
410117,410117_106,glmmLasso,1,123.0,133.64,339.25,2,12288M
410117,410117_107,glmmLasso,1,121.0,127.215,328.28,2,12288M
410117,410117_108,glmmLasso,1,92.0,77.32300000000001,227.95,2,12288M
410117,410117_109,glmmLasso,1,76.0,100.003,360.46,2,12288M
410117,410117_110,glmmLasso,1,80.0,85.895,335.23,2,12288M
410117,410117_111,glmmLasso,1,58.0,54.85,110.05,2,12288M
410117,410117_112,glmmLasso,1,85.0,91.503,343.21,2,12288M
410117,410117_113,glmmLasso,1,60.0,54.133,172.02,2,12288M
410117,410117_114,glmmLasso,1,58.0,51.212,142.81,2,12288M
410117,410117_115,glmmLasso,1,231.0,236.423,371.69,2,12288M
410117,410117_116,glmmLasso,1,192.0,239.95600000000002,467.21,2,12288M
410117,410117_117,glmmLasso,1,267.0,319.498,431.05,2,12288M
410117,410117_118,glmmLasso,1,132.0,146.24,332.0,2,12288M
410117,410117_119,glmmLasso,1,124.0,134.391,333.23,2,12288M
410117,410117_120,glmmLasso,1,148.0,159.801,335.14,2,12288M
410117,410117_121,glmmLasso,1,100.0,117.674,336.72,2,12288M
410117,410117_122,glmmLasso,1,89.0,77.718,301.11,2,12288M
410117,410117_123,glmmLasso,1,113.0,138.023,418.27,2,12288M
410117,410117_124,glmmLasso,1,88.0,94.822,306.23,2,12288M
410117,410117_125,glmmLasso,1,78.0,66.002,326.42,2,12288M
410117,410117_126,glmmLasso,1,88.0,95.226,244.79,2,12288M
410117,410117_127,glmmLasso,1,69.0,56.057,235.66,2,12288M
410117,410117_128,glmmLasso,1,42.0,39.446,230.48,2,12288M
410117,410117_129,glmmLasso,1,172.0,192.822,386.37,2,12288M
410117,410117_130,glmmLasso,1,165.0,236.959,431.21,2,12288M
410117,410117_131,glmmLasso,1,262.0,337.727,448.26,2,12288M
410117,410117_132,glmmLasso,1,141.0,151.26,309.96,2,12288M
410117,410117_133,glmmLasso,1,135.0,144.119,332.0,2,12288M
410117,410117_134,glmmLasso,1,128.0,137.691,330.94,2,12288M
410117,410117_135,glmmLasso,1,118.0,125.197,332.22,2,12288M
410117,410117_136,glmmLasso,1,91.0,73.522,328.45,2,12288M
410117,410117_137,glmmLasso,1,120.0,142.17000000000002,404.5,2,12288M
410117,410117_138,glmmLasso,1,82.0,84.792,335.89,2,12288M
410117,410117_139,glmmLasso,1,75.0,61.224,230.38,2,12288M
410117,410117_140,glmmLasso,1,91.0,98.679,318.35,2,12288M
410117,410117_141,glmmLasso,1,70.0,62.14,116.64,2,12288M
410117,410117_142,glmmLasso,1,64.0,56.77,258.23,2,12288M
410117,410117_143,glmmLasso,1,119.0,155.054,397.93,2,12288M
410117,410117_144,glmmLasso,1,234.0,299.608,425.88,2,12288M
410117,410117_145,glmmLasso,1,235.0,267.004,478.51,2,12288M
410117,410117_146,glmmLasso,1,154.0,167.065,334.71,2,12288M
410117,410117_147,glmmLasso,1,152.0,158.29500000000002,334.86,2,12288M
410117,410117_148,glmmLasso,1,151.0,158.118,329.13,2,12288M
410117,410117_149,glmmLasso,1,122.0,139.457,331.92,2,12288M
410117,410117_150,glmmLasso,1,96.0,84.634,269.39,2,12288M
410117,410117_151,glmmLasso,1,104.0,118.461,371.14,2,12288M
410117,410117_152,glmmLasso,1,63.0,70.103,276.62,2,12288M
410117,410117_153,glmmLasso,1,41.0,38.377,304.84,2,12288M
410117,410117_154,glmmLasso,1,82.0,95.96000000000001,340.11,2,12288M
410117,410117_155,glmmLasso,1,66.0,60.909,180.55,2,12288M
410117,410117_156,glmmLasso,1,64.0,60.314,177.04,2,12288M
410117,410117_157,glmmLasso,1,214.0,245.97,410.34,2,12288M
410117,410117_158,glmmLasso,1,267.0,325.478,468.85,2,12288M
410117,410117_159,glmmLasso,1,236.0,288.454,434.56,2,12288M
410117,410117_160,glmmLasso,1,63.0,75.243,332.6,2,12288M
410117,410117_161,glmmLasso,1,111.0,119.833,298.38,2,12288M
410117,410117_162,glmmLasso,1,117.0,135.072,332.57,2,12288M
410117,410117_163,glmmLasso,1,118.0,127.877,330.36,2,12288M
410117,410117_164,glmmLasso,1,95.0,78.616,322.71,2,12288M
410117,410117_165,glmmLasso,1,87.0,105.827,363.67,2,12288M
410117,410117_166,glmmLasso,1,89.0,95.47999999999999,342.75,2,12288M
410117,410117_167,glmmLasso,1,65.0,62.6,211.76,2,12288M
410117,410117_168,glmmLasso,1,78.0,88.952,349.65,2,12288M
410117,410117_169,glmmLasso,1,63.0,57.515,259.95,2,12288M
410117,410117_170,glmmLasso,1,36.0,33.593,170.38,2,12288M
410117,410117_171,glmmLasso,1,223.0,250.27100000000002,413.51,2,12288M
410117,410117_172,glmmLasso,1,242.0,321.64,443.03,2,12288M
410117,410117_173,glmmLasso,1,253.0,301.849,452.85,2,12288M
410117,410117_174,glmmLasso,1,60.0,71.261,224.57,2,12288M
410117,410117_175,glmmLasso,1,156.0,168.833,316.75,2,12288M
410117,410117_176,glmmLasso,1,135.0,144.382,333.05,2,12288M
410117,410117_177,glmmLasso,1,137.0,143.791,301.1,2,12288M
410117,410117_178,glmmLasso,1,85.0,69.333,228.05,2,12288M
410117,410117_179,glmmLasso,1,91.0,109.529,356.1,2,12288M
410117,410117_180,glmmLasso,1,113.0,107.13499999999999,336.99,2,12288M
410117,410117_181,glmmLasso,1,70.0,60.596,179.61,2,12288M
410117,410117_182,glmmLasso,1,85.0,91.975,314.46,2,12288M
410117,410117_183,glmmLasso,1,56.0,55.89,148.72,2,12288M
410117,410117_184,glmmLasso,1,65.0,55.866,230.81,2,12288M
410117,410117_185,glmmLasso,1,119.0,158.792,401.47,2,12288M
410117,410117_186,glmmLasso,1,233.0,309.451,439.76,2,12288M
410117,410117_187,glmmLasso,1,230.0,308.488,470.64,2,12288M
410117,410117_188,glmmLasso,1,119.0,122.093,303.51,2,12288M
410117,410117_189,glmmLasso,1,118.0,124.007,337.05,2,12288M
410117,410117_190,glmmLasso,1,122.0,133.603,329.57,2,12288M
410117,410117_191,glmmLasso,1,100.0,102.185,224.84,2,12288M
410117,410117_192,glmmLasso,1,89.0,70.411,229.78,2,12288M
410117,410117_193,glmmLasso,1,86.0,107.053,335.71,2,12288M
410117,410117_194,glmmLasso,1,93.0,96.767,306.73,2,12288M
410117,410117_195,glmmLasso,1,72.0,63.092,177.72,2,12288M
410117,410117_196,glmmLasso,1,89.0,98.80799999999999,180.73,2,12288M
410117,410117_197,glmmLasso,1,72.0,58.945,231.53,2,12288M
410117,410117_198,glmmLasso,1,65.0,57.361,166.97,2,12288M
410117,410117_199,glmmLasso,1,118.0,155.361,441.14,2,12288M
410117,410117_200,glmmLasso,1,259.0,324.666,444.61,2,12288M
410117,410117_201,glmmLasso,1,217.0,278.963,464.26,2,12288M
410117,410117_202,glmmLasso,1,103.0,112.84100000000001,330.84,2,12288M
410117,410117_203,glmmLasso,1,106.0,107.322,332.6,2,12288M
410117,410117_204,glmmLasso,1,143.0,160.983,333.06,2,12288M
410117,410117_205,glmmLasso,1,138.0,143.796,335.66,2,12288M
410117,410117_206,glmmLasso,1,88.0,70.709,332.19,2,12288M
410117,410117_207,glmmLasso,1,86.0,105.132,364.88,2,12288M
410117,410117_208,glmmLasso,1,108.0,102.313,337.99,2,12288M
410117,410117_209,glmmLasso,1,73.0,63.629,229.82,2,12288M
410117,410117_210,glmmLasso,1,86.0,93.476,249.36,2,12288M
410117,410117_211,glmmLasso,1,41.0,38.567,122.1,2,12288M
410117,410117_212,glmmLasso,1,62.0,58.975,108.72,2,12288M
410117,410117_213,glmmLasso,1,167.0,202.461,416.74,2,12288M
410117,410117_214,glmmLasso,1,269.0,332.365,451.54,2,12288M
410117,410117_215,glmmLasso,1,225.0,271.434,484.46,2,12288M
410117,410117_216,glmmLasso,1,63.0,77.007,171.65,2,12288M
410117,410117_217,glmmLasso,1,148.0,152.933,339.13,2,12288M
410117,410117_218,glmmLasso,1,146.0,146.825,306.08,2,12288M
410117,410117_219,glmmLasso,1,123.0,140.676,330.06,2,12288M
410117,410117_220,glmmLasso,1,88.0,71.69800000000001,141.58,2,12288M
410117,410117_221,glmmLasso,1,86.0,103.524,321.36,2,12288M
410117,410117_222,glmmLasso,1,89.0,92.223,318.68,2,12288M
410117,410117_223,glmmLasso,1,78.0,68.627,267.99,2,12288M
410117,410117_224,glmmLasso,1,112.0,121.49,324.89,2,12288M
410117,410117_225,glmmLasso,1,72.0,62.327,321.03,2,12288M
410117,410117_226,glmmLasso,1,36.0,33.998,176.5,2,12288M
410117,410117_227,glmmLasso,1,176.0,218.073,415.0,2,12288M
410117,410117_228,glmmLasso,1,280.0,339.003,452.19,2,12288M
410117,410117_229,glmmLasso,1,247.0,301.33,461.33,2,12288M
410117,410117_230,glmmLasso,1,120.0,121.566,304.86,2,12288M
410117,410117_231,glmmLasso,1,65.0,75.142,332.37,2,12288M
410117,410117_232,glmmLasso,1,131.0,141.103,337.14,2,12288M
410117,410117_233,glmmLasso,1,124.0,133.139,330.23,2,12288M
410117,410117_234,glmmLasso,1,86.0,72.485,293.2,2,12288M
410117,410117_235,glmmLasso,1,78.0,98.269,420.07,2,12288M
410117,410117_236,glmmLasso,1,72.0,73.751,298.84,2,12288M
410117,410117_237,glmmLasso,1,81.0,76.956,110.38,2,12288M
410117,410117_238,glmmLasso,1,105.0,113.418,346.7,2,12288M
410117,410117_239,glmmLasso,1,69.0,62.713,237.3,2,12288M
410117,410117_240,glmmLasso,1,62.0,54.393,291.34,2,12288M
410117,410117_241,glmmLasso,1,113.0,148.625,373.23,2,12288M
410117,410117_242,glmmLasso,1,233.0,294.303,412.18,2,12288M
410117,410117_243,glmmLasso,1,219.0,290.23,445.33,2,12288M
410117,410117_244,glmmLasso,1,155.0,164.982,337.1,2,12288M
410117,410117_245,glmmLasso,1,153.0,159.17000000000002,332.5,2,12288M
410117,410117_246,glmmLasso,1,152.0,163.90699999999998,328.27,2,12288M
410117,410117_247,glmmLasso,1,151.0,157.799,338.0,2,12288M
410117,410117_248,glmmLasso,1,92.0,81.21000000000001,324.75,2,12288M
410117,410117_249,glmmLasso,1,93.0,108.666,335.44,2,12288M
410117,410117_250,glmmLasso,1,99.0,102.311,345.71,2,12288M
410117,410117_251,glmmLasso,1,38.0,36.861,131.96,2,12288M
410117,410117_252,glmmLasso,1,89.0,96.3,315.31,2,12288M
410117,410117_253,glmmLasso,1,68.0,57.095,238.06,2,12288M
410117,410117_254,glmmLasso,1,69.0,61.975,109.73,2,12288M
410117,410117_255,glmmLasso,1,171.0,202.274,412.69,2,12288M
410117,410117_256,glmmLasso,1,233.0,287.195,452.61,2,12288M
410117,410117_257,glmmLasso,1,241.0,314.066,427.4,2,12288M
410117,410117_258,glmmLasso,1,60.0,71.026,329.07,2,12288M
410117,410117_259,glmmLasso,1,131.0,140.945,330.96,2,12288M
410117,410117_260,glmmLasso,1,138.0,152.228,337.58,2,12288M
410117,410117_261,glmmLasso,1,134.0,143.77,311.72,2,12288M
410117,410117_262,glmmLasso,1,84.0,69.398,332.26,2,12288M
410117,410117_263,glmmLasso,1,93.0,111.426,338.95,2,12288M
410117,410117_264,glmmLasso,1,96.0,99.39500000000001,310.97,2,12288M
410117,410117_265,glmmLasso,1,75.0,62.275,252.44,2,12288M
410117,410117_266,glmmLasso,1,53.0,64.147,181.57,2,12288M
410117,410117_267,glmmLasso,1,63.0,57.215,318.82,2,12288M
410117,410117_268,glmmLasso,1,60.0,55.385,172.02,2,12288M
410117,410117_269,glmmLasso,1,198.0,238.228,348.4,2,12288M
410117,410117_270,glmmLasso,1,273.0,327.501,457.11,2,12288M
410117,410117_271,glmmLasso,1,239.0,296.957,458.51,2,12288M
410117,410117_272,glmmLasso,1,61.0,71.736,224.59,2,12288M
410117,410117_273,glmmLasso,1,86.0,102.739,320.94,2,12288M
410117,410117_274,glmmLasso,1,153.0,171.017,313.64,2,12288M
410117,410117_275,glmmLasso,1,129.0,135.381,334.25,2,12288M
410117,410117_276,glmmLasso,1,89.0,78.863,185.29,2,12288M
410117,410117_277,glmmLasso,1,93.0,109.42699999999999,228.6,2,12288M
410117,410117_278,glmmLasso,1,83.0,90.318,239.38,2,12288M
410117,410117_279,glmmLasso,1,60.0,56.028,220.65,2,12288M
410117,410117_280,glmmLasso,1,83.0,91.239,313.96,2,12288M
410117,410117_281,glmmLasso,1,70.0,59.729,112.5,2,12288M
410117,410117_282,glmmLasso,1,71.0,67.476,143.73,2,12288M
410117,410117_283,glmmLasso,1,259.0,292.655,438.65,2,12288M
410117,410117_284,glmmLasso,1,259.0,322.751,465.94,2,12288M
410117,410117_285,glmmLasso,1,154.0,217.976,463.79,2,12288M
410117,410117_286,glmmLasso,1,115.0,126.488,315.15,2,12288M
410117,410117_287,glmmLasso,1,118.0,121.799,312.07,2,12288M
410117,410117_288,glmmLasso,1,135.0,148.904,338.34,2,12288M
410117,410117_289,glmmLasso,1,138.0,142.03,334.73,2,12288M
410117,410117_290,glmmLasso,1,96.0,93.10900000000001,324.57,2,12288M
410117,410117_291,glmmLasso,1,121.0,137.071,417.09,2,12288M
410117,410117_292,glmmLasso,1,97.0,100.75,238.76,2,12288M
410117,410117_293,glmmLasso,1,35.0,34.991,179.09,2,12288M
410117,410117_294,glmmLasso,1,91.0,103.515,326.66,2,12288M
410117,410117_295,glmmLasso,1,69.0,59.227,253.14,2,12288M
410117,410117_296,glmmLasso,1,65.0,58.644,301.7,2,12288M
410117,410117_297,glmmLasso,1,104.0,143.284,372.61,2,12288M
410117,410117_298,glmmLasso,1,256.0,327.205,416.18,2,12288M
410117,410117_299,glmmLasso,1,225.0,281.394,470.29,2,12288M
410117,410117_300,glmmLasso,1,134.0,135.005,304.13,2,12288M
410117,410117_301,glmmLasso,1,119.0,119.816,331.52,2,12288M
410117,410117_302,glmmLasso,1,127.0,131.701,340.55,2,12288M
410117,410117_303,glmmLasso,1,131.0,129.798,330.38,2,12288M
410117,410117_304,glmmLasso,1,83.0,79.928,110.68,2,12288M
410117,410117_305,glmmLasso,1,88.0,108.352,366.25,2,12288M
410117,410117_306,glmmLasso,1,102.0,107.86699999999999,308.47,2,12288M
410117,410117_307,glmmLasso,1,67.0,60.186,232.36,2,12288M
410117,410117_308,glmmLasso,1,85.0,92.85900000000001,351.41,2,12288M
410117,410117_309,glmmLasso,1,65.0,57.059,301.45,2,12288M
410117,410117_310,glmmLasso,1,63.0,54.066,249.57,2,12288M
410117,410117_311,glmmLasso,1,109.0,152.023,433.08,2,12288M
410117,410117_312,glmmLasso,1,238.0,304.79,441.02,2,12288M
410117,410117_313,glmmLasso,1,215.0,270.587,440.13,2,12288M
410117,410117_314,glmmLasso,1,154.0,168.812,331.5,2,12288M
410117,410117_315,glmmLasso,1,153.0,157.09199999999998,335.45,2,12288M
410117,410117_316,glmmLasso,1,120.0,123.987,335.62,2,12288M
410117,410117_317,glmmLasso,1,143.0,152.6,333.48,2,12288M
410117,410117_318,glmmLasso,1,82.0,68.188,227.01,2,12288M
410117,410117_319,glmmLasso,1,90.0,106.143,365.68,2,12288M
410117,410117_320,glmmLasso,1,88.0,82.554,308.1,2,12288M
410117,410117_321,glmmLasso,1,75.0,60.354,330.55,2,12288M
410117,410117_322,glmmLasso,1,58.0,68.412,248.3,2,12288M
410117,410117_323,glmmLasso,1,66.0,59.3,234.86,2,12288M
410117,410117_324,glmmLasso,1,59.0,56.675,256.8,2,12288M
410117,410117_325,glmmLasso,1,191.0,226.567,406.44,2,12288M
410117,410117_326,glmmLasso,1,208.0,267.461,439.49,2,12288M
410117,410117_327,glmmLasso,1,162.0,216.57,440.19,2,12288M
410117,410117_328,glmmLasso,1,138.0,139.085,319.05,2,12288M
410117,410117_329,glmmLasso,1,134.0,138.733,320.79,2,12288M
410117,410117_330,glmmLasso,1,140.0,149.265,332.91,2,12288M
410117,410117_331,glmmLasso,1,133.0,149.82999999999998,322.9,2,12288M
410117,410117_332,glmmLasso,1,87.0,70.269,165.95,2,12288M
410117,410117_333,glmmLasso,1,128.0,138.296,401.77,2,12288M
410117,410117_334,glmmLasso,1,88.0,90.56700000000001,335.28,2,12288M
410117,410117_335,glmmLasso,1,71.0,60.173,230.11,2,12288M
410117,410117_336,glmmLasso,1,88.0,96.876,265.92,2,12288M
410117,410117_337,glmmLasso,1,39.0,36.683,124.84,2,12288M
410117,410117_338,glmmLasso,1,63.0,61.07,228.74,2,12288M
410117,410117_339,glmmLasso,1,163.0,204.655,436.67,2,12288M
410117,410117_340,glmmLasso,1,243.0,299.474,436.1,2,12288M
410117,410117_341,glmmLasso,1,171.0,227.747,464.73,2,12288M
410117,410117_342,glmmLasso,1,118.0,123.731,324.93,2,12288M
410117,410117_343,glmmLasso,1,108.0,110.262,300.46,2,12288M
410117,410117_344,glmmLasso,1,122.0,131.869,306.48,2,12288M
410117,410117_345,glmmLasso,1,100.0,116.969,332.66,2,12288M
410117,410117_346,glmmLasso,1,86.0,66.556,230.91,2,12288M
410117,410117_347,glmmLasso,1,106.0,133.158,396.26,2,12288M
410117,410117_348,glmmLasso,1,80.0,85.545,180.32,2,12288M
410117,410117_349,glmmLasso,1,68.0,60.306,122.74,2,12288M
410117,410117_350,glmmLasso,1,91.0,99.814,322.08,2,12288M
410117,410117_351,glmmLasso,1,65.0,61.316,235.61,2,12288M
410117,410117_352,glmmLasso,1,65.0,56.98,200.34,2,12288M
410117,410117_353,glmmLasso,1,105.0,145.112,413.57,2,12288M
410117,410117_354,glmmLasso,1,245.0,306.556,473.38,2,12288M
410117,410117_355,glmmLasso,1,251.0,299.759,440.8,2,12288M
410117,410117_356,glmmLasso,1,98.0,103.76400000000001,333.04,2,12288M
410117,410117_357,glmmLasso,1,111.0,126.292,330.9,2,12288M
410117,410117_358,glmmLasso,1,113.0,125.087,336.73,2,12288M
410117,410117_359,glmmLasso,1,153.0,164.698,334.63,2,12288M
410117,410117_360,glmmLasso,1,88.0,77.508,174.11,2,12288M
410117,410117_361,glmmLasso,1,91.0,112.61699999999999,328.64,2,12288M
410117,410117_362,glmmLasso,1,87.0,91.837,305.0,2,12288M
410117,410117_363,glmmLasso,1,73.0,64.338,133.34,2,12288M
410117,410117_364,glmmLasso,1,83.0,95.42099999999999,318.28,2,12288M
410117,410117_365,glmmLasso,1,70.0,59.647,148.95,2,12288M
410117,410117_366,glmmLasso,1,32.0,31.643,0.36,2,12288M
410117,410117_367,glmmLasso,1,246.0,273.671,426.2,2,12288M
410117,410117_368,glmmLasso,1,253.0,313.386,443.29,2,12288M
410117,410117_369,glmmLasso,1,270.0,307.732,436.7,2,12288M
410117,410117_370,glmmLasso,1,102.0,118.881,331.71,2,12288M
410117,410117_371,glmmLasso,1,93.0,101.07900000000001,306.49,2,12288M
410117,410117_372,glmmLasso,1,71.0,85.387,334.1,2,12288M
410117,410117_373,glmmLasso,1,116.0,125.996,330.45,2,12288M
410117,410117_374,glmmLasso,1,100.0,80.57,320.25,2,12288M
410117,410117_375,glmmLasso,1,91.0,106.14099999999999,394.09,2,12288M
410117,410117_376,glmmLasso,1,84.0,91.152,336.9,2,12288M
410117,410117_377,glmmLasso,1,76.0,69.622,325.41,2,12288M
410117,410117_378,glmmLasso,1,97.0,105.926,307.11,2,12288M
410117,410117_379,glmmLasso,1,71.0,60.875,285.95,2,12288M
410117,410117_380,glmmLasso,1,61.0,58.357,110.25,2,12288M
410117,410117_381,glmmLasso,1,181.0,228.346,413.08,2,12288M
410117,410117_382,glmmLasso,1,179.0,237.338,466.38,2,12288M
410117,410117_383,glmmLasso,1,201.0,260.427,454.48,2,12288M
410117,410117_384,glmmLasso,1,123.0,125.118,332.42,2,12288M
410117,410117_385,glmmLasso,1,124.0,126.29,332.97,2,12288M
410117,410117_386,glmmLasso,1,122.0,120.034,323.89,2,12288M
410117,410117_387,glmmLasso,1,115.0,119.44800000000001,323.52,2,12288M
410117,410117_388,glmmLasso,1,88.0,83.904,109.51,2,12288M
410117,410117_389,glmmLasso,1,122.0,142.429,407.12,2,12288M
410117,410117_390,glmmLasso,1,89.0,91.39,172.86,2,12288M
410117,410117_391,glmmLasso,1,68.0,60.148,228.99,2,12288M
410117,410117_392,glmmLasso,1,81.0,90.742,340.0,2,12288M
410117,410117_393,glmmLasso,1,68.0,61.781,306.55,2,12288M
410117,410117_394,glmmLasso,1,39.0,35.823,170.09,2,12288M
410117,410117_395,glmmLasso,1,202.0,240.777,420.55,2,12288M
410117,410117_396,glmmLasso,1,246.0,316.884,432.28,2,12288M
410117,410117_397,glmmLasso,1,160.0,219.539,464.75,2,12288M
410117,410117_398,glmmLasso,1,138.0,142.417,333.94,2,12288M
410117,410117_399,glmmLasso,1,109.0,105.695,327.27,2,12288M
410117,410117_400,glmmLasso,1,116.0,121.725,330.56,2,12288M
410117,410117_401,glmmLasso,1,111.0,111.226,331.45,2,12288M
410117,410117_402,glmmLasso,1,84.0,80.535,228.96,2,12288M
410117,410117_403,glmmLasso,1,128.0,141.127,352.91,2,12288M
410117,410117_404,glmmLasso,1,85.0,88.555,319.83,2,12288M
410117,410117_405,glmmLasso,1,71.0,61.402,323.62,2,12288M
410117,410117_406,glmmLasso,1,87.0,98.701,305.4,2,12288M
410117,410117_407,glmmLasso,1,67.0,58.921,235.39,2,12288M
410117,410117_408,glmmLasso,1,68.0,62.27,285.12,2,12288M
410117,410117_409,glmmLasso,1,121.0,155.292,384.85,2,12288M
410117,410117_410,glmmLasso,1,275.0,339.957,435.53,2,12288M
410117,410117_411,glmmLasso,1,266.0,303.203,433.68,2,12288M
410117,410117_412,glmmLasso,1,123.0,140.768,335.17,2,12288M
410117,410117_413,glmmLasso,1,119.0,133.572,299.98,2,12288M
410117,410117_414,glmmLasso,1,121.0,136.037,302.46,2,12288M
410117,410117_415,glmmLasso,1,130.0,145.543,336.25,2,12288M
410117,410117_416,glmmLasso,1,99.0,75.163,231.23,2,12288M
410117,410117_417,glmmLasso,1,88.0,105.672,173.36,2,12288M
410117,410117_418,glmmLasso,1,77.0,84.315,309.01,2,12288M
410117,410117_419,glmmLasso,1,68.0,65.309,231.98,2,12288M
410117,410117_420,glmmLasso,1,89.0,98.745,348.34,2,12288M
410117,410117_421,glmmLasso,1,65.0,54.104,232.02,2,12288M
410117,410117_422,glmmLasso,1,65.0,58.001,291.67,2,12288M
410117,410117_423,glmmLasso,1,120.0,156.187,380.47,2,12288M
410117,410117_424,glmmLasso,1,224.0,292.089,467.23,2,12288M
410117,410117_425,glmmLasso,1,251.0,324.456,438.93,2,12288M
410117,410117_426,glmmLasso,1,129.0,130.41,327.75,2,12288M
410117,410117_427,glmmLasso,1,132.0,137.314,322.1,2,12288M
410117,410117_428,glmmLasso,1,135.0,149.192,300.79,2,12288M
410117,410117_429,glmmLasso,1,97.0,102.263,294.45,2,12288M
410117,410117_430,glmmLasso,1,87.0,73.216,107.86,2,12288M
410117,410117_431,glmmLasso,1,83.0,102.753,332.98,2,12288M
410117,410117_432,glmmLasso,1,76.0,79.70400000000001,317.54,2,12288M
410117,410117_433,glmmLasso,1,65.0,57.165,176.2,2,12288M
410117,410117_434,glmmLasso,1,54.0,64.309,346.03,2,12288M
410117,410117_435,glmmLasso,1,63.0,54.519,265.26,2,12288M
410117,410117_436,glmmLasso,1,65.0,54.916,184.63,2,12288M
410117,410117_437,glmmLasso,1,174.0,210.905,437.59,2,12288M
410117,410117_438,glmmLasso,1,179.0,251.399,465.87,2,12288M
410117,410117_439,glmmLasso,1,246.0,314.856,439.44,2,12288M
410117,410117_440,glmmLasso,1,102.0,104.041,299.72,2,12288M
410117,410117_441,glmmLasso,1,120.0,118.08500000000001,228.52,2,12288M
410117,410117_442,glmmLasso,1,134.0,139.223,337.14,2,12288M
410117,410117_443,glmmLasso,1,136.0,143.391,319.67,2,12288M
410117,410117_444,glmmLasso,1,89.0,85.90299999999999,141.58,2,12288M
410117,410117_445,glmmLasso,1,125.0,135.1,425.62,2,12288M
410117,410117_446,glmmLasso,1,96.0,101.369,310.61,2,12288M
410117,410117_447,glmmLasso,1,73.0,62.741,232.39,2,12288M
410117,410117_448,glmmLasso,1,105.0,117.78399999999999,314.42,2,12288M
410117,410117_449,glmmLasso,1,37.0,35.393,244.69,2,12288M
410117,410117_450,glmmLasso,1,70.0,55.28,293.12,2,12288M
410117,410117_451,glmmLasso,1,183.0,218.235,433.72,2,12288M
410117,410117_452,glmmLasso,1,228.0,288.064,447.19,2,12288M
410117,410117_453,glmmLasso,1,161.0,211.35399999999998,462.59,2,12288M
410117,410117_454,glmmLasso,1,120.0,125.076,332.89,2,12288M
410117,410117_455,glmmLasso,1,124.0,139.225,330.75,2,12288M
410117,410117_456,glmmLasso,1,131.0,146.466,302.46,2,12288M
410117,410117_457,glmmLasso,1,118.0,130.739,335.86,2,12288M
410117,410117_458,glmmLasso,1,86.0,68.026,109.51,2,12288M
410117,410117_459,glmmLasso,1,114.0,133.933,333.1,2,12288M
410117,410117_460,glmmLasso,1,84.0,83.583,333.23,2,12288M
410117,410117_461,glmmLasso,1,77.0,66.223,327.63,2,12288M
410117,410117_462,glmmLasso,1,118.0,123.601,350.32,2,12288M
410117,410117_463,glmmLasso,1,36.0,35.58,233.98,2,12288M
410117,410117_464,glmmLasso,1,63.0,60.468,295.23,2,12288M
410117,410117_465,glmmLasso,1,200.0,241.991,400.24,2,12288M
410117,410117_466,glmmLasso,1,236.0,293.884,411.02,2,12288M
410117,410117_467,glmmLasso,1,251.0,295.686,432.83,2,12288M
410117,410117_468,glmmLasso,1,64.0,76.358,334.26,2,12288M
410117,410117_469,glmmLasso,1,114.0,122.451,296.18,2,12288M
410117,410117_470,glmmLasso,1,137.0,146.387,331.2,2,12288M
410117,410117_471,glmmLasso,1,129.0,148.125,316.33,2,12288M
410117,410117_472,glmmLasso,1,87.0,76.06,307.48,2,12288M
410117,410117_473,glmmLasso,1,88.0,103.32,369.22,2,12288M
410117,410117_474,glmmLasso,1,89.0,88.56,337.09,2,12288M
410117,410117_475,glmmLasso,1,68.0,56.902,289.04,2,12288M
410117,410117_476,glmmLasso,1,86.0,95.738,345.64,2,12288M
410117,410117_477,glmmLasso,1,68.0,60.578,255.68,2,12288M
410117,410117_478,glmmLasso,1,36.0,34.664,110.73,2,12288M
410117,410117_479,glmmLasso,1,191.0,234.528,411.29,2,12288M
410117,410117_480,glmmLasso,1,258.0,322.09,444.32,2,12288M
410117,410117_481,glmmLasso,1,238.0,294.001,447.12,2,12288M
410117,410117_482,glmmLasso,1,120.0,133.46,334.09,2,12288M
410117,410117_483,glmmLasso,1,51.0,63.281,168.04,2,12288M
410117,410117_484,glmmLasso,1,137.0,145.52,328.19,2,12288M
410117,410117_485,glmmLasso,1,170.0,179.024,309.95,2,12288M
410117,410117_486,glmmLasso,1,94.0,78.67,293.57,2,12288M
410117,410117_487,glmmLasso,1,89.0,105.98599999999999,359.86,2,12288M
410117,410117_488,glmmLasso,1,106.0,110.319,339.99,2,12288M
410117,410117_489,glmmLasso,1,75.0,63.153999999999996,167.57,2,12288M
410117,410117_490,glmmLasso,1,64.0,72.939,349.57,2,12288M
410117,410117_491,glmmLasso,1,71.0,67.715,252.71,2,12288M
410117,410117_492,glmmLasso,1,70.0,65.62,268.81,2,12288M
410117,410117_493,glmmLasso,1,217.0,236.22899999999998,438.46,2,12288M
410117,410117_494,glmmLasso,1,246.0,303.81,457.98,2,12288M
410117,410117_495,glmmLasso,1,215.0,274.539,468.95,2,12288M
410117,410117_496,glmmLasso,1,57.0,70.578,161.28,2,12288M
410117,410117_497,glmmLasso,1,135.0,148.245,309.91,2,12288M
410117,410117_498,glmmLasso,1,148.0,164.131,302.56,2,12288M
410117,410117_499,glmmLasso,1,143.0,152.309,306.44,2,12288M
410117,410117_500,glmmLasso,1,84.0,65.446,293.02,2,12288M
410117,410117_501,glmmLasso,1,92.0,111.803,339.04,2,12288M
410117,410117_502,glmmLasso,1,137.0,133.46,313.19,2,12288M
410117,410117_503,glmmLasso,1,66.0,64.762,295.36,2,12288M
410117,410117_504,glmmLasso,1,75.0,86.187,321.43,2,12288M
410117,410117_505,glmmLasso,1,63.0,55.697,299.69,2,12288M
410117,410117_506,glmmLasso,1,34.0,33.267,111.5,2,12288M
410117,410117_507,glmmLasso,1,175.0,206.323,379.06,2,12288M
410117,410117_508,glmmLasso,1,254.0,297.55,473.08,2,12288M
410117,410117_509,glmmLasso,1,179.0,232.93200000000002,468.97,2,12288M
410117,410117_510,glmmLasso,1,152.0,169.588,337.52,2,12288M
410117,410117_511,glmmLasso,1,150.0,163.58100000000002,322.98,2,12288M
410117,410117_512,glmmLasso,1,158.0,173.716,324.98,2,12288M
410117,410117_513,glmmLasso,1,139.0,149.203,330.84,2,12288M
410117,410117_514,glmmLasso,1,85.0,64.888,107.73,2,12288M
410117,410117_515,glmmLasso,1,138.0,137.78300000000002,405.2,2,12288M
410117,410117_516,glmmLasso,1,108.0,112.211,327.48,2,12288M
410117,410117_517,glmmLasso,1,64.0,60.362,332.45,2,12288M
410117,410117_518,glmmLasso,1,61.0,70.413,341.74,2,12288M
410117,410117_519,glmmLasso,1,62.0,59.88,111.94,2,12288M
410117,410117_520,glmmLasso,1,58.0,55.263,228.98,2,12288M
410117,410117_521,glmmLasso,1,186.0,216.348,441.11,2,12288M
410117,410117_522,glmmLasso,1,259.0,338.612,466.65,2,12288M
410117,410117_523,glmmLasso,1,236.0,295.398,439.28,2,12288M
410117,410117_524,glmmLasso,1,135.0,139.416,332.02,2,12288M
410117,410117_525,glmmLasso,1,138.0,143.77,306.29,2,12288M
410117,410117_526,glmmLasso,1,123.0,130.132,205.95,2,12288M
410117,410117_527,glmmLasso,1,69.0,84.362,327.72,2,12288M
410117,410117_528,glmmLasso,1,91.0,88.52799999999999,297.82,2,12288M
410117,410117_529,glmmLasso,1,83.0,105.929,336.51,2,12288M
410117,410117_530,glmmLasso,1,111.0,118.053,335.27,2,12288M
410117,410117_531,glmmLasso,1,75.0,64.413,296.59,2,12288M
410117,410117_532,glmmLasso,1,96.0,106.675,351.63,2,12288M
410117,410117_533,glmmLasso,1,64.0,58.177,233.83,2,12288M
410117,410117_534,glmmLasso,1,61.0,51.235,228.99,2,12288M
410117,410117_535,glmmLasso,1,106.0,143.402,366.32,2,12288M
410117,410117_536,glmmLasso,1,239.0,299.288,429.3,2,12288M
410117,410117_537,glmmLasso,1,276.0,331.406,464.74,2,12288M
410117,410117_538,glmmLasso,1,84.0,93.45,329.89,2,12288M
410117,410117_539,glmmLasso,1,90.0,96.025,333.31,2,12288M
410117,410117_540,glmmLasso,1,144.0,165.228,307.98,2,12288M
410117,410117_541,glmmLasso,1,136.0,147.433,328.29,2,12288M
410117,410117_542,glmmLasso,1,81.0,70.151,106.71,2,12288M
410117,410117_543,glmmLasso,1,78.0,97.819,403.27,2,12288M
410117,410117_544,glmmLasso,1,93.0,91.395,332.14,2,12288M
410117,410117_545,glmmLasso,1,79.0,69.695,228.69,2,12288M
410117,410117_546,glmmLasso,1,89.0,99.21000000000001,342.91,2,12288M
410117,410117_547,glmmLasso,1,37.0,36.056,299.48,2,12288M
410117,410117_548,glmmLasso,1,67.0,64.156,110.62,2,12288M
410117,410117_549,glmmLasso,1,192.0,227.629,432.66,2,12288M
410117,410117_550,glmmLasso,1,239.0,297.992,439.02,2,12288M
410117,410117_551,glmmLasso,1,221.0,265.597,465.76,2,12288M
410117,410117_552,glmmLasso,1,116.0,118.457,335.95,2,12288M
410117,410117_553,glmmLasso,1,67.0,79.572,327.84,2,12288M
410117,410117_554,glmmLasso,1,132.0,137.79500000000002,336.81,2,12288M
410117,410117_555,glmmLasso,1,110.0,130.046,333.6,2,12288M
410117,410117_556,glmmLasso,1,89.0,70.116,142.55,2,12288M
410117,410117_557,glmmLasso,1,92.0,111.695,363.14,2,12288M
410117,410117_558,glmmLasso,1,113.0,107.57,308.91,2,12288M
410117,410117_559,glmmLasso,1,66.0,64.452,264.91,2,12288M
410117,410117_560,glmmLasso,1,73.0,85.462,334.09,2,12288M
410117,410117_561,glmmLasso,1,62.0,55.451,111.46,2,12288M
410117,410117_562,glmmLasso,1,62.0,54.015,280.43,2,12288M
410117,410117_563,glmmLasso,1,118.0,152.895,438.15,2,12288M
410117,410117_564,glmmLasso,1,266.0,331.344,386.13,2,12288M
410117,410117_565,glmmLasso,1,250.0,308.015,436.33,2,12288M
410117,410117_566,glmmLasso,1,134.0,131.303,312.78,2,12288M
410117,410117_567,glmmLasso,1,126.0,142.711,331.98,2,12288M
410117,410117_568,glmmLasso,1,122.0,138.07,327.23,2,12288M
410117,410117_569,glmmLasso,1,120.0,128.886,330.95,2,12288M
410117,410117_570,glmmLasso,1,88.0,71.036,230.03,2,12288M
410117,410117_571,glmmLasso,1,83.0,100.149,364.89,2,12288M
410117,410117_572,glmmLasso,1,121.0,122.561,333.03,2,12288M
410117,410117_573,glmmLasso,1,68.0,56.858,296.04,2,12288M
410117,410117_574,glmmLasso,1,84.0,94.842,352.6,2,12288M
410117,410117_575,glmmLasso,1,68.0,59.147,303.61,2,12288M
410117,410117_576,glmmLasso,1,67.0,62.31,233.77,2,12288M
410117,410117_577,glmmLasso,1,105.0,145.468,365.08,2,12288M
410117,410117_578,glmmLasso,1,241.0,309.109,440.54,2,12288M
410117,410117_579,glmmLasso,1,228.0,297.503,465.05,2,12288M
410117,410117_580,glmmLasso,1,132.0,142.034,330.5,2,12288M
410117,410117_581,glmmLasso,1,133.0,141.248,306.03,2,12288M
410117,410117_582,glmmLasso,1,152.0,165.659,331.88,2,12288M
410117,410117_583,glmmLasso,1,149.0,158.338,307.41,2,12288M
410117,410117_584,glmmLasso,1,83.0,67.793,253.54,2,12288M
410117,410117_585,glmmLasso,1,85.0,103.745,398.22,2,12288M
410117,410117_586,glmmLasso,1,96.0,94.757,328.16,2,12288M
410117,410117_587,glmmLasso,1,39.0,38.005,328.08,2,12288M
410117,410117_588,glmmLasso,1,78.0,86.474,325.65,2,12288M
410117,410117_589,glmmLasso,1,65.0,60.244,316.36,2,12288M
410117,410117_590,glmmLasso,1,63.0,60.633,169.57,2,12288M
410117,410117_591,glmmLasso,1,175.0,212.777,368.9,2,12288M
410117,410117_592,glmmLasso,1,190.0,268.315,471.41,2,12288M
410117,410117_593,glmmLasso,1,231.0,291.473,460.64,2,12288M
410117,410117_594,glmmLasso,1,153.0,166.531,330.5,2,12288M
410117,410117_595,glmmLasso,1,153.0,164.03199999999998,335.36,2,12288M
410117,410117_596,glmmLasso,1,148.0,159.016,303.75,2,12288M
410117,410117_597,glmmLasso,1,104.0,111.612,334.94,2,12288M
410117,410117_598,glmmLasso,1,88.0,66.919,186.95,2,12288M
410117,410117_599,glmmLasso,1,121.0,137.364,404.8,2,12288M
410117,410117_600,glmmLasso,1,82.0,85.90299999999999,238.3,2,12288M
410117,410117_601,glmmLasso,1,72.0,61.292,194.56,2,12288M
410117,410117_602,glmmLasso,1,84.0,93.56700000000001,326.79,2,12288M
410117,410117_603,glmmLasso,1,38.0,35.67,114.41,2,12288M
410117,410117_604,glmmLasso,1,67.0,64.722,233.43,2,12288M
410117,410117_605,glmmLasso,1,217.0,256.395,411.03,2,12288M
410117,410117_606,glmmLasso,1,299.0,369.469,446.32,2,12288M
410117,410117_607,glmmLasso,1,265.0,317.012,435.03,2,12288M
410117,410117_608,glmmLasso,1,142.0,142.684,322.54,2,12288M
410117,410117_609,glmmLasso,1,48.0,62.676,285.14,2,12288M
410117,410117_610,glmmLasso,1,151.0,157.571,340.77,2,12288M
410117,410117_611,glmmLasso,1,134.0,135.908,338.11,2,12288M
410117,410117_612,glmmLasso,1,80.0,77.902,329.27,2,12288M
410117,410117_613,glmmLasso,1,98.0,117.537,359.37,2,12288M
410117,410117_614,glmmLasso,1,78.0,87.002,179.87,2,12288M
410117,410117_615,glmmLasso,1,74.0,65.278,194.5,2,12288M
410117,410117_616,glmmLasso,1,95.0,102.555,322.13,2,12288M
410117,410117_617,glmmLasso,1,38.0,35.764,311.46,2,12288M
410117,410117_618,glmmLasso,1,66.0,58.709,169.84,2,12288M
410117,410117_619,glmmLasso,1,220.0,246.975,412.69,2,12288M
410117,410117_620,glmmLasso,1,240.0,331.131,436.6,2,12288M
410117,410117_621,glmmLasso,1,268.0,339.015,374.99,2,12288M
410117,410117_622,glmmLasso,1,60.0,77.97,276.78,2,12288M
410117,410117_623,glmmLasso,1,154.0,157.142,338.74,2,12288M
410117,410117_624,glmmLasso,1,141.0,153.4,337.53,2,12288M
410117,410117_625,glmmLasso,1,140.0,149.251,332.83,2,12288M
410117,410117_626,glmmLasso,1,89.0,75.116,228.03,2,12288M
410117,410117_627,glmmLasso,1,103.0,120.381,422.15,2,12288M
410117,410117_628,glmmLasso,1,96.0,92.018,307.56,2,12288M
410117,410117_629,glmmLasso,1,68.0,60.76,158.27,2,12288M
410117,410117_630,glmmLasso,1,82.0,92.31,347.3,2,12288M
410117,410117_631,glmmLasso,1,68.0,59.187,236.66,2,12288M
410117,410117_632,glmmLasso,1,60.0,53.97,110.27,2,12288M
410117,410117_633,glmmLasso,1,111.0,155.901,345.92,2,12288M
410117,410117_634,glmmLasso,1,257.0,340.227,434.11,2,12288M
410117,410117_635,glmmLasso,1,248.0,311.852,466.84,2,12288M
410117,410117_636,glmmLasso,1,96.0,98.25399999999999,300.2,2,12288M
410117,410117_637,glmmLasso,1,150.0,159.776,319.09,2,12288M
410117,410117_638,glmmLasso,1,156.0,167.86599999999999,334.31,2,12288M
410117,410117_639,glmmLasso,1,153.0,158.916,333.81,2,12288M
410117,410117_640,glmmLasso,1,80.0,65.734,229.0,2,12288M
410117,410117_641,glmmLasso,1,79.0,98.919,342.95,2,12288M
410117,410117_642,glmmLasso,1,130.0,129.85,337.9,2,12288M
410117,410117_643,glmmLasso,1,81.0,66.44800000000001,328.97,2,12288M
410117,410117_644,glmmLasso,1,94.0,103.87100000000001,341.58,2,12288M
410117,410117_645,glmmLasso,1,65.0,56.983,162.16,2,12288M
410117,410117_646,glmmLasso,1,66.0,59.991,110.12,2,12288M
410117,410117_647,glmmLasso,1,208.0,250.864,374.34,2,12288M
410117,410117_648,glmmLasso,1,231.0,294.421,471.59,2,12288M
410117,410117_649,glmmLasso,1,229.0,304.272,438.97,2,12288M
410117,410117_650,glmmLasso,1,122.0,131.221,300.76,2,12288M
410117,410117_651,glmmLasso,1,108.0,113.787,302.12,2,12288M
410117,410117_652,glmmLasso,1,73.0,92.555,259.34,2,12288M
410117,410117_653,glmmLasso,1,107.0,114.333,334.75,2,12288M
410117,410117_654,glmmLasso,1,89.0,74.541,169.54,2,12288M
410117,410117_655,glmmLasso,1,87.0,108.07900000000001,363.91,2,12288M
410117,410117_656,glmmLasso,1,94.0,99.434,320.37,2,12288M
410117,410117_657,glmmLasso,1,73.0,67.833,230.03,2,12288M
410117,410117_658,glmmLasso,1,88.0,97.554,327.17,2,12288M
410117,410117_659,glmmLasso,1,66.0,60.953,186.24,2,12288M
410117,410117_660,glmmLasso,1,60.0,54.952,178.8,2,12288M
410117,410117_661,glmmLasso,1,154.0,179.733,439.39,2,12288M
410117,410117_662,glmmLasso,1,163.0,223.377,444.53,2,12288M
410117,410117_663,glmmLasso,1,232.0,299.84000000000003,385.41,2,12288M
410117,410117_664,glmmLasso,1,117.0,131.11,302.68,2,12288M
410117,410117_665,glmmLasso,1,112.0,118.44800000000001,329.3,2,12288M
410117,410117_666,glmmLasso,1,119.0,124.181,333.02,2,12288M
410117,410117_667,glmmLasso,1,127.0,128.414,299.9,2,12288M
410117,410117_668,glmmLasso,1,102.0,81.015,231.89,2,12288M
410117,410117_669,glmmLasso,1,112.0,136.235,399.46,2,12288M
410117,410117_670,glmmLasso,1,82.0,86.924,338.11,2,12288M
410117,410117_671,glmmLasso,1,68.0,61.663,176.21,2,12288M
410117,410117_672,glmmLasso,1,86.0,91.905,337.17,2,12288M
410117,410117_673,glmmLasso,1,72.0,64.979,309.06,2,12288M
410117,410117_674,glmmLasso,1,39.0,37.025,228.48,2,12288M
410117,410117_675,glmmLasso,1,182.0,209.682,432.52,2,12288M
410117,410117_676,glmmLasso,1,170.0,237.133,454.7,2,12288M
410117,410117_677,glmmLasso,1,228.0,295.3,390.85,2,12288M
410117,410117_678,glmmLasso,1,108.0,115.307,328.83,2,12288M
410117,410117_679,glmmLasso,1,99.0,98.924,331.14,2,12288M
410117,410117_680,glmmLasso,1,120.0,126.491,327.94,2,12288M
410117,410117_681,glmmLasso,1,131.0,130.673,295.63,2,12288M
410117,410117_682,glmmLasso,1,79.0,76.014,332.52,2,12288M
410117,410117_683,glmmLasso,1,112.0,133.782,337.34,2,12288M
410117,410117_684,glmmLasso,1,90.0,95.542,241.0,2,12288M
410117,410117_685,glmmLasso,1,65.0,60.331,176.47,2,12288M
410117,410117_686,glmmLasso,1,72.0,83.205,350.88,2,12288M
410117,410117_687,glmmLasso,1,62.0,57.986,175.75,2,12288M
410117,410117_688,glmmLasso,1,56.0,50.447,108.14,2,12288M
410117,410117_689,glmmLasso,1,119.0,156.987,380.5,2,12288M
410117,410117_690,glmmLasso,1,227.0,293.123,431.1,2,12288M
410117,410117_691,glmmLasso,1,224.0,277.054,430.5,2,12288M
410117,410117_692,glmmLasso,1,124.0,117.007,336.2,2,12288M
410117,410117_693,glmmLasso,1,136.0,151.274,334.89,2,12288M
410117,410117_694,glmmLasso,1,140.0,154.54,335.12,2,12288M
410117,410117_695,glmmLasso,1,121.0,128.238,303.81,2,12288M
410117,410117_696,glmmLasso,1,86.0,72.694,108.84,2,12288M
410117,410117_697,glmmLasso,1,96.0,123.24,406.77,2,12288M
410117,410117_698,glmmLasso,1,114.0,113.66499999999999,316.02,2,12288M
410117,410117_699,glmmLasso,1,77.0,73.288,177.18,2,12288M
410117,410117_700,glmmLasso,1,75.0,88.465,326.23,2,12288M
410132,410132_1,PGEE,1,74.0,66.637,172.79,2,12288M
410132,410132_2,PGEE,1,55.0,50.225,156.81,2,12288M
410132,410132_3,PGEE,1,172.0,166.775,199.71,2,12288M
410132,410132_4,PGEE,1,216.0,208.643,220.25,2,12288M
410132,410132_5,PGEE,1,273.0,264.521,223.62,2,12288M
410132,410132_6,PGEE,1,79.0,74.966,166.77,2,12288M
410132,410132_7,PGEE,1,89.0,84.696,164.71,2,12288M
410132,410132_8,PGEE,1,98.0,94.674,162.73,2,12288M
410132,410132_9,PGEE,1,96.0,90.894,172.89,2,12288M
410132,410132_10,PGEE,1,119.0,116.983,169.46,2,12288M
410132,410132_11,PGEE,1,1545.0,1971.332,250.88,2,12288M
410132,410132_12,PGEE,1,119.0,115.078,171.88,2,12288M
410132,410132_13,PGEE,1,67.0,65.2,169.23,2,12288M
410132,410132_14,PGEE,1,70.0,67.146,183.85,2,12288M
410132,410132_15,PGEE,1,73.0,69.373,169.02,2,12288M
410132,410132_16,PGEE,1,43.0,42.791,168.18,2,12288M
410132,410132_17,PGEE,1,244.0,237.923,219.58,2,12288M
410132,410132_18,PGEE,1,230.0,223.947,203.62,2,12288M
410132,410132_19,PGEE,1,160.0,156.238,202.99,2,12288M
410132,410132_20,PGEE,1,86.0,82.494,163.7,2,12288M
410132,410132_21,PGEE,1,86.0,82.509,164.01,2,12288M
410132,410132_22,PGEE,1,91.0,86.753,167.91,2,12288M
410132,410132_23,PGEE,1,110.0,95.76400000000001,167.51,2,12288M
410132,410132_24,PGEE,1,132.0,128.744,169.79,2,12288M
410132,410132_25,PGEE,1,1618.0,2071.329,257.92,2,12288M
410132,410132_26,PGEE,1,118.0,115.164,173.05,2,12288M
410132,410132_27,PGEE,1,34.0,34.271,167.88,2,12288M
410132,410132_28,PGEE,1,126.0,111.303,186.84,2,12288M
410132,410132_29,PGEE,1,55.0,55.39,171.43,2,12288M
410132,410132_30,PGEE,1,26.0,26.804,0.31,2,12288M
410132,410132_31,PGEE,1,239.0,233.026,200.96,2,12288M
410132,410132_32,PGEE,1,229.0,221.003,208.58,2,12288M
410132,410132_33,PGEE,1,153.0,149.09,226.27,2,12288M
410132,410132_34,PGEE,1,81.0,77.444,164.72,2,12288M
410132,410132_35,PGEE,1,91.0,87.461,139.12,2,12288M
410132,410132_36,PGEE,1,102.0,88.242,170.27,2,12288M
410132,410132_37,PGEE,1,99.0,94.842,168.84,2,12288M
410132,410132_38,PGEE,1,147.0,126.876,167.48,2,12288M
410132,410132_39,PGEE,1,864.0,1282.187,244.86,2,12288M
410132,410132_40,PGEE,1,123.0,106.04599999999999,174.45,2,12288M
410132,410132_41,PGEE,1,83.0,79.483,167.45,2,12288M
410132,410132_42,PGEE,1,124.0,120.028,189.76,2,12288M
410132,410132_43,PGEE,1,81.0,62.55,112.95,2,12288M
410132,410132_44,PGEE,1,64.0,51.642,165.43,2,12288M
410132,410132_45,PGEE,1,276.0,269.805,196.32,2,12288M
410132,410132_46,PGEE,1,247.0,228.85,220.64,2,12288M
410132,410132_47,PGEE,1,252.0,238.564,206.08,2,12288M
410132,410132_48,PGEE,1,82.0,78.605,165.08,2,12288M
410132,410132_49,PGEE,1,96.0,77.399,165.59,2,12288M
410132,410132_50,PGEE,1,92.0,87.473,166.91,2,12288M
410132,410132_51,PGEE,1,122.0,100.97800000000001,167.21,2,12288M
410132,410132_52,PGEE,1,119.0,116.84700000000001,174.13,2,12288M
410132,410132_53,PGEE,1,1947.0,2336.91,253.55,2,12288M
410132,410132_54,PGEE,1,113.0,110.25,177.2,2,12288M
410132,410132_55,PGEE,1,83.0,66.582,166.79,2,12288M
410132,410132_56,PGEE,1,154.0,114.33,198.24,2,12288M
410132,410132_57,PGEE,1,76.0,73.396,171.91,2,12288M
410132,410132_58,PGEE,1,69.0,55.59,166.35,2,12288M
410132,410132_59,PGEE,1,263.0,256.947,196.79,2,12288M
410132,410132_60,PGEE,1,232.0,226.653,198.84,2,12288M
410132,410132_61,PGEE,1,283.0,256.183,204.22,2,12288M
410132,410132_62,PGEE,1,110.0,77.877,166.8,2,12288M
410132,410132_63,PGEE,1,104.0,85.127,167.41,2,12288M
410132,410132_64,PGEE,1,86.0,81.884,164.98,2,12288M
410132,410132_65,PGEE,1,95.0,91.123,167.18,2,12288M
410132,410132_66,PGEE,1,67.0,65.4,167.54,2,12288M
410132,410132_67,PGEE,1,1782.0,2165.606,247.3,2,12288M
410132,410132_68,PGEE,1,109.0,106.892,173.85,2,12288M
410132,410132_69,PGEE,1,76.0,64.73,171.07,2,12288M
410132,410132_70,PGEE,1,71.0,67.632,187.08,2,12288M
410132,410132_71,PGEE,1,70.0,68.203,172.29,2,12288M
410132,410132_72,PGEE,1,64.0,59.159,120.52,2,12288M
410132,410132_73,PGEE,1,240.0,223.846,199.66,2,12288M
410132,410132_74,PGEE,1,210.0,205.24,204.15,2,12288M
410132,410132_75,PGEE,1,161.0,155.627,220.61,2,12288M
410132,410132_76,PGEE,1,87.0,83.271,164.67,2,12288M
410132,410132_77,PGEE,1,97.0,85.494,165.31,2,12288M
410132,410132_78,PGEE,1,94.0,89.493,172.53,2,12288M
410132,410132_79,PGEE,1,98.0,91.661,167.81,2,12288M
410132,410132_80,PGEE,1,70.0,68.879,168.47,2,12288M
410132,410132_81,PGEE,1,1678.0,2174.165,254.21,2,12288M
410132,410132_82,PGEE,1,119.0,111.24000000000001,172.01,2,12288M
410132,410132_83,PGEE,1,69.0,66.346,167.6,2,12288M
410132,410132_84,PGEE,1,121.0,115.208,184.3,2,12288M
410132,410132_85,PGEE,1,76.0,69.30799999999999,171.78,2,12288M
410132,410132_86,PGEE,1,31.0,28.624,0.45,2,12288M
410132,410132_87,PGEE,1,271.0,256.657,191.52,2,12288M
410132,410132_88,PGEE,1,133.0,128.4,189.58,2,12288M
410132,410132_89,PGEE,1,271.0,258.74,198.53,2,12288M
410132,410132_90,PGEE,1,89.0,77.328,168.99,2,12288M
410132,410132_91,PGEE,1,94.0,81.849,172.32,2,12288M
410132,410132_92,PGEE,1,100.0,93.928,163.24,2,12288M
410132,410132_93,PGEE,1,62.0,58.583,130.22,2,12288M
410132,410132_94,PGEE,1,121.0,116.413,168.19,2,12288M
410132,410132_95,PGEE,1,1863.0,2269.007,248.7,2,12288M
410132,410132_96,PGEE,1,67.0,64.133,171.96,2,12288M
410132,410132_97,PGEE,1,51.0,49.568,168.08,2,12288M
410132,410132_98,PGEE,1,132.0,111.047,183.86,2,12288M
410132,410132_99,PGEE,1,78.0,70.431,170.17,2,12288M
410132,410132_100,PGEE,1,31.0,28.639,0.36,2,12288M
410132,410132_101,PGEE,1,283.0,261.703,199.66,2,12288M
410132,410132_102,PGEE,1,143.0,138.792,193.18,2,12288M
410132,410132_103,PGEE,1,277.0,265.824,220.66,2,12288M
410132,410132_104,PGEE,1,97.0,81.02799999999999,168.36,2,12288M
410132,410132_105,PGEE,1,55.0,50.438,169.23,2,12288M
410132,410132_106,PGEE,1,94.0,86.807,165.02,2,12288M
410132,410132_107,PGEE,1,59.0,56.51,169.35,2,12288M
410132,410132_108,PGEE,1,117.0,113.255,172.49,2,12288M
410132,410132_109,PGEE,1,1031.0,1435.123,248.02,2,12288M
410132,410132_110,PGEE,1,123.0,109.92,174.43,2,12288M
410132,410132_111,PGEE,1,81.0,76.328,169.11,2,12288M
410132,410132_112,PGEE,1,125.0,114.239,185.4,2,12288M
410132,410132_113,PGEE,1,82.0,72.569,170.36,2,12288M
410132,410132_114,PGEE,1,57.0,50.886,166.11,2,12288M
410132,410132_115,PGEE,1,271.0,250.059,200.8,2,12288M
410132,410132_116,PGEE,1,248.0,225.937,199.68,2,12288M
410132,410132_117,PGEE,1,282.0,263.379,218.77,2,12288M
410132,410132_118,PGEE,1,96.0,75.468,164.76,2,12288M
410132,410132_119,PGEE,1,106.0,85.763,168.34,2,12288M
410132,410132_120,PGEE,1,99.0,87.814,172.01,2,12288M
410132,410132_121,PGEE,1,100.0,95.578,169.11,2,12288M
410132,410132_122,PGEE,1,121.0,117.7,170.73,2,12288M
410132,410132_123,PGEE,1,1504.0,1940.836,256.9,2,12288M
410132,410132_124,PGEE,1,122.0,112.393,172.12,2,12288M
410132,410132_125,PGEE,1,84.0,78.124,165.91,2,12288M
410132,410132_126,PGEE,1,141.0,112.548,183.34,2,12288M
410132,410132_127,PGEE,1,79.0,63.487,173.15,2,12288M
410132,410132_128,PGEE,1,68.0,55.083,167.34,2,12288M
410132,410132_129,PGEE,1,245.0,235.042,215.02,2,12288M
410132,410132_130,PGEE,1,235.0,222.97899999999998,203.85,2,12288M
410132,410132_131,PGEE,1,317.0,245.636,219.32,2,12288M
410132,410132_132,PGEE,1,93.0,82.54599999999999,164.92,2,12288M
410132,410132_133,PGEE,1,79.0,74.652,169.52,2,12288M
410132,410132_134,PGEE,1,92.0,89.083,167.36,2,12288M
410132,410132_135,PGEE,1,106.0,102.43,169.36,2,12288M
410132,410132_136,PGEE,1,118.0,116.489,169.42,2,12288M
410132,410132_137,PGEE,1,866.0,1244.021,251.04,2,12288M
410132,410132_138,PGEE,1,127.0,124.115,173.16,2,12288M
410132,410132_139,PGEE,1,65.0,62.751,169.93,2,12288M
410132,410132_140,PGEE,1,117.0,112.333,184.07,2,12288M
410132,410132_141,PGEE,1,95.0,64.761,173.36,2,12288M
410132,410132_142,PGEE,1,59.0,56.321,164.89,2,12288M
410132,410132_143,PGEE,1,266.0,259.766,217.46,2,12288M
410132,410132_144,PGEE,1,218.0,211.661,198.98,2,12288M
410132,410132_145,PGEE,1,276.0,269.495,218.67,2,12288M
410132,410132_146,PGEE,1,82.0,78.444,161.72,2,12288M
410132,410132_147,PGEE,1,100.0,76.364,165.55,2,12288M
410132,410132_148,PGEE,1,100.0,95.52199999999999,166.95,2,12288M
410132,410132_149,PGEE,1,133.0,99.09899999999999,163.13,2,12288M
410132,410132_150,PGEE,1,127.0,124.645,170.98,2,12288M
410132,410132_151,PGEE,1,1640.0,2120.213,249.68,2,12288M
410132,410132_152,PGEE,1,123.0,117.831,172.51,2,12288M
410132,410132_153,PGEE,1,72.0,67.854,167.34,2,12288M
410132,410132_154,PGEE,1,115.0,110.838,183.57,2,12288M
410132,410132_155,PGEE,1,80.0,61.697,168.66,2,12288M
410132,410132_156,PGEE,1,52.0,49.525,110.66,2,12288M
410132,410132_157,PGEE,1,261.0,246.162,219.59,2,12288M
410132,410132_158,PGEE,1,217.0,205.87,202.2,2,12288M
410132,410132_159,PGEE,1,267.0,258.248,214.77,2,12288M
410132,410132_160,PGEE,1,105.0,84.82900000000001,164.87,2,12288M
410132,410132_161,PGEE,1,88.0,79.113,168.38,2,12288M
410132,410132_162,PGEE,1,96.0,88.77799999999999,165.77,2,12288M
410132,410132_163,PGEE,1,120.0,93.071,165.16,2,12288M
410132,410132_164,PGEE,1,126.0,114.637,168.39,2,12288M
410132,410132_165,PGEE,1,1928.0,2389.603,248.09,2,12288M
410132,410132_166,PGEE,1,123.0,109.229,176.7,2,12288M
410132,410132_167,PGEE,1,81.0,66.73,167.08,2,12288M
410132,410132_168,PGEE,1,122.0,110.691,181.39,2,12288M
410132,410132_169,PGEE,1,41.0,39.303,172.86,2,12288M
410132,410132_170,PGEE,1,60.0,52.579,165.94,2,12288M
410132,410132_171,PGEE,1,163.0,159.06900000000002,198.36,2,12288M
410132,410132_172,PGEE,1,231.0,218.911,211.8,2,12288M
410132,410132_173,PGEE,1,254.0,242.872,217.23,2,12288M
410132,410132_174,PGEE,1,78.0,75.057,168.97,2,12288M
410132,410132_175,PGEE,1,78.0,73.696,166.64,2,12288M
410132,410132_176,PGEE,1,100.0,95.483,169.58,2,12288M
410132,410132_177,PGEE,1,106.0,93.077,164.3,2,12288M
410132,410132_178,PGEE,1,133.0,126.903,167.88,2,12288M
410132,410132_179,PGEE,1,857.0,1293.554,251.5,2,12288M
410132,410132_180,PGEE,1,129.0,119.64,171.58,2,12288M
410132,410132_181,PGEE,1,71.0,60.384,109.98,2,12288M
410132,410132_182,PGEE,1,119.0,110.22800000000001,182.95,2,12288M
410132,410132_183,PGEE,1,75.0,65.48,148.65,2,12288M
410132,410132_184,PGEE,1,54.0,47.875,128.13,2,12288M
410132,410132_185,PGEE,1,263.0,245.284,223.56,2,12288M
410132,410132_186,PGEE,1,255.0,244.602,205.74,2,12288M
410132,410132_187,PGEE,1,314.0,297.915,220.93,2,12288M
410132,410132_188,PGEE,1,106.0,82.81700000000001,163.71,2,12288M
410132,410132_189,PGEE,1,116.0,82.65899999999999,168.48,2,12288M
410132,410132_190,PGEE,1,100.0,94.449,165.5,2,12288M
410132,410132_191,PGEE,1,109.0,99.555,162.6,2,12288M
410132,410132_192,PGEE,1,134.0,120.449,169.2,2,12288M
410132,410132_193,PGEE,1,1991.0,2387.399,246.45,2,12288M
410132,410132_194,PGEE,1,148.0,112.664,171.82,2,12288M
410132,410132_195,PGEE,1,70.0,65.094,169.25,2,12288M
410132,410132_196,PGEE,1,127.0,116.74600000000001,190.27,2,12288M
410132,410132_197,PGEE,1,74.0,63.889,168.43,2,12288M
410132,410132_198,PGEE,1,57.0,46.548,168.38,2,12288M
410132,410132_199,PGEE,1,259.0,219.35,202.3,2,12288M
410132,410132_200,PGEE,1,232.0,220.891,209.38,2,12288M
410132,410132_201,PGEE,1,274.0,246.0,222.12,2,12288M
410132,410132_202,PGEE,1,100.0,82.697,164.32,2,12288M
410132,410132_203,PGEE,1,87.0,77.314,163.25,2,12288M
410132,410132_204,PGEE,1,95.0,89.123,165.14,2,12288M
410132,410132_205,PGEE,1,59.0,54.798,170.3,2,12288M
410132,410132_206,PGEE,1,133.0,124.749,170.42,2,12288M
410132,410132_207,PGEE,1,1743.0,2192.866,252.84,2,12288M
410132,410132_208,PGEE,1,67.0,65.588,174.77,2,12288M
410132,410132_209,PGEE,1,73.0,70.237,167.27,2,12288M
410132,410132_210,PGEE,1,124.0,110.336,186.07,2,12288M
410132,410132_211,PGEE,1,86.0,80.592,115.27,2,12288M
410132,410132_212,PGEE,1,32.0,30.633,0.3,2,12288M
410132,410132_213,PGEE,1,238.0,232.046,198.93,2,12288M
410132,410132_214,PGEE,1,236.0,230.373,221.65,2,12288M
410132,410132_215,PGEE,1,235.0,227.837,199.56,2,12288M
410132,410132_216,PGEE,1,53.0,49.779,115.21,2,12288M
410132,410132_217,PGEE,1,91.0,77.288,163.62,2,12288M
410132,410132_218,PGEE,1,59.0,54.981,169.07,2,12288M
410132,410132_219,PGEE,1,63.0,59.372,167.55,2,12288M
410132,410132_220,PGEE,1,128.0,114.437,169.71,2,12288M
410132,410132_221,PGEE,1,1549.0,2007.315,247.54,2,12288M
410132,410132_222,PGEE,1,117.0,108.423,175.15,2,12288M
410132,410132_223,PGEE,1,40.0,38.391,169.3,2,12288M
410132,410132_224,PGEE,1,125.0,117.606,188.67,2,12288M
410132,410132_225,PGEE,1,41.0,39.53,170.97,2,12288M
410132,410132_226,PGEE,1,62.0,50.968,136.5,2,12288M
410132,410132_227,PGEE,1,299.0,274.295,222.24,2,12288M
410132,410132_228,PGEE,1,141.0,135.869,205.75,2,12288M
410132,410132_229,PGEE,1,266.0,243.319,226.1,2,12288M
410132,410132_230,PGEE,1,76.0,72.524,165.27,2,12288M
410132,410132_231,PGEE,1,87.0,82.708,167.81,2,12288M
410132,410132_232,PGEE,1,63.0,58.96,168.44,2,12288M
410132,410132_233,PGEE,1,124.0,101.309,167.32,2,12288M
410132,410132_234,PGEE,1,169.0,122.843,168.68,2,12288M
410132,410132_235,PGEE,1,882.0,1247.879,249.55,2,12288M
410132,410132_236,PGEE,1,124.0,114.265,180.8,2,12288M
410132,410132_237,PGEE,1,66.0,62.925,169.02,2,12288M
410132,410132_238,PGEE,1,122.0,112.221,189.82,2,12288M
410132,410132_239,PGEE,1,82.0,74.514,171.72,2,12288M
410132,410132_240,PGEE,1,61.0,44.505,167.88,2,12288M
410132,410132_241,PGEE,1,275.0,253.981,226.59,2,12288M
410132,410132_242,PGEE,1,225.0,214.625,211.55,2,12288M
410132,410132_243,PGEE,1,339.0,270.075,223.55,2,12288M
410132,410132_244,PGEE,1,85.0,80.114,167.34,2,12288M
410132,410132_245,PGEE,1,92.0,81.078,171.64,2,12288M
410132,410132_246,PGEE,1,98.0,88.018,163.58,2,12288M
410132,410132_247,PGEE,1,97.0,89.007,169.36,2,12288M
410132,410132_248,PGEE,1,139.0,126.231,166.78,2,12288M
410132,410132_249,PGEE,1,1472.0,1879.434,251.14,2,12288M
410132,410132_250,PGEE,1,154.0,118.318,177.38,2,12288M
410132,410132_251,PGEE,1,86.0,62.439,166.96,2,12288M
410132,410132_252,PGEE,1,143.0,116.37899999999999,194.17,2,12288M
410132,410132_253,PGEE,1,78.0,61.649,171.04,2,12288M
410132,410132_254,PGEE,1,62.0,55.358,108.81,2,12288M
410132,410132_255,PGEE,1,270.0,256.781,215.43,2,12288M
410132,410132_256,PGEE,1,237.0,224.889,204.89,2,12288M
410132,410132_257,PGEE,1,295.0,268.871,223.45,2,12288M
410132,410132_258,PGEE,1,89.0,75.827,162.93,2,12288M
410132,410132_259,PGEE,1,55.0,50.98,165.45,2,12288M
410132,410132_260,PGEE,1,60.0,56.366,164.61,2,12288M
410132,410132_261,PGEE,1,100.0,93.78999999999999,161.92,2,12288M
410132,410132_262,PGEE,1,129.0,117.76599999999999,170.62,2,12288M
410132,410132_263,PGEE,1,2064.0,2476.256,249.23,2,12288M
410132,410132_264,PGEE,1,69.0,67.964,173.53,2,12288M
410132,410132_265,PGEE,1,75.0,68.189,109.27,2,12288M
410132,410132_266,PGEE,1,124.0,117.07,190.42,2,12288M
410132,410132_267,PGEE,1,74.0,69.294,171.63,2,12288M
410132,410132_268,PGEE,1,31.0,29.104,0.2,2,12288M
410132,410132_269,PGEE,1,268.0,256.614,219.09,2,12288M
410132,410132_270,PGEE,1,228.0,222.357,214.35,2,12288M
410132,410132_271,PGEE,1,260.0,250.5,189.78,2,12288M
410132,410132_272,PGEE,1,82.0,77.168,162.81,2,12288M
410132,410132_273,PGEE,1,54.0,50.171,164.9,2,12288M
410132,410132_274,PGEE,1,103.0,97.9,169.88,2,12288M
410132,410132_275,PGEE,1,63.0,58.724,168.04,2,12288M
410132,410132_276,PGEE,1,155.0,134.736,172.19,2,12288M
410132,410132_277,PGEE,1,812.0,1218.258,247.66,2,12288M
410132,410132_278,PGEE,1,117.0,112.91499999999999,174.32,2,12288M
410132,410132_279,PGEE,1,78.0,75.276,167.42,2,12288M
410132,410132_280,PGEE,1,125.0,115.118,182.23,2,12288M
410132,410132_281,PGEE,1,80.0,66.803,170.54,2,12288M
410132,410132_282,PGEE,1,61.0,45.624,168.22,2,12288M
410132,410132_283,PGEE,1,259.0,241.534,191.82,2,12288M
410132,410132_284,PGEE,1,227.0,221.373,222.0,2,12288M
410132,410132_285,PGEE,1,252.0,238.976,221.38,2,12288M
410132,410132_286,PGEE,1,105.0,77.812,169.15,2,12288M
410132,410132_287,PGEE,1,96.0,86.584,165.24,2,12288M
410132,410132_288,PGEE,1,118.0,93.202,167.51,2,12288M
410132,410132_289,PGEE,1,111.0,100.601,164.89,2,12288M
410132,410132_290,PGEE,1,135.0,132.076,169.66,2,12288M
410132,410132_291,PGEE,1,2154.0,2557.712,257.13,2,12288M
410132,410132_292,PGEE,1,135.0,109.741,173.38,2,12288M
410132,410132_293,PGEE,1,81.0,68.319,167.66,2,12288M
410132,410132_294,PGEE,1,117.0,105.218,188.71,2,12288M
410132,410132_295,PGEE,1,73.0,70.938,114.71,2,12288M
410132,410132_296,PGEE,1,64.0,52.443,168.33,2,12288M
410132,410132_297,PGEE,1,275.0,259.622,202.68,2,12288M
410132,410132_298,PGEE,1,258.0,218.811,218.75,2,12288M
410132,410132_299,PGEE,1,250.0,243.534,197.88,2,12288M
410132,410132_300,PGEE,1,98.0,80.922,163.96,2,12288M
410132,410132_301,PGEE,1,77.0,72.273,168.42,2,12288M
410132,410132_302,PGEE,1,92.0,88.055,162.81,2,12288M
410132,410132_303,PGEE,1,64.0,61.338,164.96,2,12288M
410132,410132_304,PGEE,1,129.0,124.647,170.29,2,12288M
410132,410132_305,PGEE,1,1770.0,2091.913,256.93,2,12288M
410132,410132_306,PGEE,1,131.0,122.327,175.61,2,12288M
410132,410132_307,PGEE,1,83.0,66.905,167.38,2,12288M
410132,410132_308,PGEE,1,121.0,117.518,187.79,2,12288M
410132,410132_309,PGEE,1,39.0,37.018,112.55,2,12288M
410132,410132_310,PGEE,1,60.0,47.035,110.76,2,12288M
410132,410132_311,PGEE,1,160.0,154.452,199.9,2,12288M
410132,410132_312,PGEE,1,232.0,226.668,198.39,2,12288M
410132,410132_313,PGEE,1,257.0,244.26,202.84,2,12288M
410132,410132_314,PGEE,1,80.0,76.279,164.07,2,12288M
410132,410132_315,PGEE,1,91.0,77.486,162.95,2,12288M
410132,410132_316,PGEE,1,94.0,90.496,165.26,2,12288M
410132,410132_317,PGEE,1,63.0,58.753,169.7,2,12288M
410132,410132_318,PGEE,1,132.0,115.2,168.12,2,12288M
410132,410132_319,PGEE,1,1915.0,2377.789,254.59,2,12288M
410132,410132_320,PGEE,1,67.0,65.292,172.9,2,12288M
410132,410132_321,PGEE,1,70.0,67.99,168.7,2,12288M
410132,410132_322,PGEE,1,128.0,115.439,182.46,2,12288M
410132,410132_323,PGEE,1,78.0,66.661,169.49,2,12288M
410132,410132_324,PGEE,1,29.0,28.133,0.19,2,12288M
410132,410132_325,PGEE,1,255.0,249.698,217.22,2,12288M
410132,410132_326,PGEE,1,143.0,137.918,194.76,2,12288M
410132,410132_327,PGEE,1,269.0,250.361,196.02,2,12288M
410132,410132_328,PGEE,1,97.0,86.721,169.04,2,12288M
410132,410132_329,PGEE,1,56.0,52.252,168.94,2,12288M
410132,410132_330,PGEE,1,115.0,99.65,168.97,2,12288M
410132,410132_331,PGEE,1,66.0,61.743,166.53,2,12288M
410132,410132_332,PGEE,1,128.0,125.897,171.06,2,12288M
410132,410132_333,PGEE,1,1032.0,1434.3029999999999,246.98,2,12288M
410132,410132_334,PGEE,1,120.0,102.731,173.36,2,12288M
410132,410132_335,PGEE,1,95.0,64.432,169.25,2,12288M
410132,410132_336,PGEE,1,159.0,120.261,188.93,2,12288M
410132,410132_337,PGEE,1,76.0,72.96000000000001,169.65,2,12288M
410132,410132_338,PGEE,1,78.0,53.916,160.6,2,12288M
410132,410132_339,PGEE,1,268.0,252.718,201.59,2,12288M
410132,410132_340,PGEE,1,209.0,203.196,197.67,2,12288M
410132,410132_341,PGEE,1,255.0,234.089,227.57,2,12288M
410132,410132_342,PGEE,1,96.0,79.256,165.42,2,12288M
410132,410132_343,PGEE,1,94.0,81.533,165.5,2,12288M
410132,410132_344,PGEE,1,94.0,89.723,166.21,2,12288M
410132,410132_345,PGEE,1,110.0,98.68,165.15,2,12288M
410132,410132_346,PGEE,1,144.0,122.923,169.32,2,12288M
410132,410132_347,PGEE,1,2089.0,2461.956,257.35,2,12288M
410132,410132_348,PGEE,1,129.0,125.467,175.89,2,12288M
410132,410132_349,PGEE,1,83.0,65.818,167.36,2,12288M
410132,410132_350,PGEE,1,126.0,111.212,188.53,2,12288M
410132,410132_351,PGEE,1,86.0,68.205,168.41,2,12288M
410132,410132_352,PGEE,1,63.0,59.579,170.0,2,12288M
410132,410132_353,PGEE,1,261.0,236.418,215.71,2,12288M
410132,410132_354,PGEE,1,231.0,225.099,204.43,2,12288M
410132,410132_355,PGEE,1,288.0,265.054,200.23,2,12288M
410132,410132_356,PGEE,1,100.0,75.858,167.73,2,12288M
410132,410132_357,PGEE,1,106.0,84.681,165.07,2,12288M
410132,410132_358,PGEE,1,90.0,85.261,167.22,2,12288M
410132,410132_359,PGEE,1,98.0,88.328,166.41,2,12288M
410132,410132_360,PGEE,1,128.0,121.595,167.22,2,12288M
410132,410132_361,PGEE,1,980.0,1402.932,259.25,2,12288M
410132,410132_362,PGEE,1,129.0,102.553,173.89,2,12288M
410132,410132_363,PGEE,1,69.0,68.14,167.31,2,12288M
410132,410132_364,PGEE,1,117.0,110.636,179.64,2,12288M
410132,410132_365,PGEE,1,73.0,66.911,170.83,2,12288M
410132,410132_366,PGEE,1,59.0,48.607,157.14,2,12288M
410132,410132_367,PGEE,1,239.0,232.559,205.25,2,12288M
410132,410132_368,PGEE,1,234.0,221.996,204.47,2,12288M
410132,410132_369,PGEE,1,247.0,236.059,227.41,2,12288M
410132,410132_370,PGEE,1,92.0,82.939,165.68,2,12288M
410132,410132_371,PGEE,1,96.0,73.61,171.14,2,12288M
410132,410132_372,PGEE,1,104.0,96.99600000000001,164.6,2,12288M
410132,410132_373,PGEE,1,126.0,99.78,169.9,2,12288M
410132,410132_374,PGEE,1,118.0,115.738,171.41,2,12288M
410132,410132_375,PGEE,1,1954.0,2417.412,249.0,2,12288M
410132,410132_376,PGEE,1,121.0,109.982,174.59,2,12288M
410132,410132_377,PGEE,1,69.0,65.871,167.21,2,12288M
410132,410132_378,PGEE,1,131.0,116.762,183.94,2,12288M
410132,410132_379,PGEE,1,83.0,63.758,172.66,2,12288M
410132,410132_380,PGEE,1,44.0,44.134,168.52,2,12288M
410132,410132_381,PGEE,1,238.0,229.712,203.71,2,12288M
410132,410132_382,PGEE,1,265.0,214.725,217.71,2,12288M
410132,410132_383,PGEE,1,259.0,252.859,200.92,2,12288M
410132,410132_384,PGEE,1,87.0,77.614,167.11,2,12288M
410132,410132_385,PGEE,1,102.0,85.864,166.58,2,12288M
410132,410132_386,PGEE,1,124.0,101.637,169.32,2,12288M
410132,410132_387,PGEE,1,104.0,91.651,169.87,2,12288M
410132,410132_388,PGEE,1,122.0,119.906,168.29,2,12288M
410132,410132_389,PGEE,1,2062.0,2445.916,251.01,2,12288M
410132,410132_390,PGEE,1,149.0,113.27600000000001,174.22,2,12288M
410132,410132_391,PGEE,1,68.0,67.074,109.43,2,12288M
410132,410132_392,PGEE,1,129.0,114.161,187.3,2,12288M
410132,410132_393,PGEE,1,65.0,62.479,170.65,2,12288M
410132,410132_394,PGEE,1,59.0,55.319,110.68,2,12288M
410132,410132_395,PGEE,1,248.0,234.572,209.52,2,12288M
410132,410132_396,PGEE,1,231.0,224.80700000000002,200.45,2,12288M
410132,410132_397,PGEE,1,239.0,217.458,199.67,2,12288M
410132,410132_398,PGEE,1,55.0,51.227,164.74,2,12288M
410132,410132_399,PGEE,1,81.0,77.495,165.67,2,12288M
410132,410132_400,PGEE,1,62.0,57.694,165.04,2,12288M
410132,410132_401,PGEE,1,94.0,89.191,167.47,2,12288M
410132,410132_402,PGEE,1,71.0,68.59,170.81,2,12288M
410132,410132_403,PGEE,1,1852.0,2292.699,245.86,2,12288M
410132,410132_404,PGEE,1,126.0,116.131,177.61,2,12288M
410132,410132_405,PGEE,1,67.0,53.937,169.38,2,12288M
410132,410132_406,PGEE,1,129.0,119.441,183.38,2,12288M
410132,410132_407,PGEE,1,42.0,39.876,139.16,2,12288M
410132,410132_408,PGEE,1,33.0,30.198,108.8,2,12288M
410132,410132_409,PGEE,1,262.0,245.493,221.32,2,12288M
410132,410132_410,PGEE,1,128.0,123.666,198.96,2,12288M
410132,410132_411,PGEE,1,263.0,245.076,204.89,2,12288M
410132,410132_412,PGEE,1,87.0,82.444,164.82,2,12288M
410132,410132_413,PGEE,1,93.0,89.76,168.2,2,12288M
410132,410132_414,PGEE,1,64.0,60.35,164.75,2,12288M
410132,410132_415,PGEE,1,106.0,94.894,171.8,2,12288M
410132,410132_416,PGEE,1,134.0,121.711,170.87,2,12288M
410132,410132_417,PGEE,1,1625.0,1908.987,252.51,2,12288M
410132,410132_418,PGEE,1,71.0,68.175,153.09,2,12288M
410132,410132_419,PGEE,1,70.0,57.878,169.98,2,12288M
410132,410132_420,PGEE,1,123.0,114.563,194.51,2,12288M
410132,410132_421,PGEE,1,40.0,38.771,170.93,2,12288M
410132,410132_422,PGEE,1,56.0,47.488,166.48,2,12288M
410132,410132_423,PGEE,1,259.0,238.075,200.24,2,12288M
410132,410132_424,PGEE,1,142.0,137.49,200.1,2,12288M
410132,410132_425,PGEE,1,269.0,250.335,201.31,2,12288M
410132,410132_426,PGEE,1,89.0,78.457,163.21,2,12288M
410132,410132_427,PGEE,1,53.0,49.051,164.8,2,12288M
410132,410132_428,PGEE,1,118.0,95.483,168.52,2,12288M
410132,410132_429,PGEE,1,60.0,55.765,163.51,2,12288M
410132,410132_430,PGEE,1,142.0,122.138,168.86,2,12288M
410132,410132_431,PGEE,1,981.0,1401.499,250.66,2,12288M
410132,410132_432,PGEE,1,142.0,112.274,174.51,2,12288M
410132,410132_433,PGEE,1,75.0,61.551,167.2,2,12288M
410132,410132_434,PGEE,1,136.0,121.613,187.75,2,12288M
410132,410132_435,PGEE,1,86.0,71.584,171.15,2,12288M
410132,410132_436,PGEE,1,71.0,51.647,166.1,2,12288M
410132,410132_437,PGEE,1,266.0,250.313,191.91,2,12288M
410132,410132_438,PGEE,1,255.0,206.498,204.05,2,12288M
410132,410132_439,PGEE,1,260.0,245.251,204.32,2,12288M
410132,410132_440,PGEE,1,90.0,77.419,163.5,2,12288M
410132,410132_441,PGEE,1,90.0,80.225,163.91,2,12288M
410132,410132_442,PGEE,1,102.0,87.307,168.01,2,12288M
410132,410132_443,PGEE,1,110.0,91.414,164.85,2,12288M
410132,410132_444,PGEE,1,130.0,115.081,170.05,2,12288M
410132,410132_445,PGEE,1,1976.0,2371.95,251.07,2,12288M
410132,410132_446,PGEE,1,125.0,110.517,171.35,2,12288M
410132,410132_447,PGEE,1,82.0,63.155,167.98,2,12288M
410132,410132_448,PGEE,1,119.0,109.336,190.58,2,12288M
410132,410132_449,PGEE,1,94.0,70.881,171.38,2,12288M
410132,410132_450,PGEE,1,66.0,51.778,167.58,2,12288M
410132,410132_451,PGEE,1,265.0,248.615,195.59,2,12288M
410132,410132_452,PGEE,1,231.0,212.86,198.14,2,12288M
410132,410132_453,PGEE,1,264.0,225.309,198.87,2,12288M
410132,410132_454,PGEE,1,118.0,80.746,166.38,2,12288M
410132,410132_455,PGEE,1,90.0,82.851,166.23,2,12288M
410132,410132_456,PGEE,1,64.0,59.995,167.18,2,12288M
410132,410132_457,PGEE,1,102.0,97.788,165.34,2,12288M
410132,410132_458,PGEE,1,67.0,66.968,167.47,2,12288M
410132,410132_459,PGEE,1,1766.0,2159.137,248.86,2,12288M
410132,410132_460,PGEE,1,129.0,120.103,178.5,2,12288M
410132,410132_461,PGEE,1,80.0,68.024,169.29,2,12288M
410132,410132_462,PGEE,1,121.0,110.96600000000001,184.04,2,12288M
410132,410132_463,PGEE,1,39.0,37.662,171.66,2,12288M
410132,410132_464,PGEE,1,56.0,53.122,110.94,2,12288M
410132,410132_465,PGEE,1,258.0,251.412,217.17,2,12288M
410132,410132_466,PGEE,1,232.0,225.547,204.67,2,12288M
410132,410132_467,PGEE,1,152.0,148.064,224.57,2,12288M
410132,410132_468,PGEE,1,91.0,86.965,165.56,2,12288M
410132,410132_469,PGEE,1,83.0,79.02,164.92,2,12288M
410132,410132_470,PGEE,1,93.0,88.394,165.25,2,12288M
410132,410132_471,PGEE,1,97.0,88.84700000000001,165.41,2,12288M
410132,410132_472,PGEE,1,146.0,141.622,170.64,2,12288M
410132,410132_473,PGEE,1,1973.0,2375.616,249.8,2,12288M
410132,410132_474,PGEE,1,73.0,70.869,171.53,2,12288M
410132,410132_475,PGEE,1,76.0,63.353,169.52,2,12288M
410132,410132_476,PGEE,1,119.0,114.336,184.43,2,12288M
410132,410132_477,PGEE,1,71.0,67.647,171.06,2,12288M
410132,410132_478,PGEE,1,34.0,32.182,131.92,2,12288M
410132,410132_479,PGEE,1,240.0,234.709,219.82,2,12288M
410132,410132_480,PGEE,1,228.0,210.847,219.22,2,12288M
410132,410132_481,PGEE,1,264.0,256.538,207.2,2,12288M
410132,410132_482,PGEE,1,54.0,50.306,166.53,2,12288M
410132,410132_483,PGEE,1,83.0,79.28999999999999,163.71,2,12288M
410132,410132_484,PGEE,1,62.0,57.805,166.4,2,12288M
410132,410132_485,PGEE,1,98.0,91.526,165.48,2,12288M
410132,410132_486,PGEE,1,70.0,68.531,169.01,2,12288M
410132,410132_487,PGEE,1,1519.0,1958.164,251.36,2,12288M
410132,410132_488,PGEE,1,130.0,109.263,173.89,2,12288M
410132,410132_489,PGEE,1,72.0,67.22,169.19,2,12288M
410132,410132_490,PGEE,1,74.0,69.32900000000001,188.91,2,12288M
410132,410132_491,PGEE,1,58.0,58.253,171.69,2,12288M
410132,410132_492,PGEE,1,50.0,48.993,167.17,2,12288M
410132,410132_493,PGEE,1,258.0,250.19,219.99,2,12288M
410132,410132_494,PGEE,1,143.0,139.1,200.95,2,12288M
410132,410132_495,PGEE,1,279.0,261.225,199.89,2,12288M
410132,410132_496,PGEE,1,86.0,82.19800000000001,168.68,2,12288M
410132,410132_497,PGEE,1,81.0,76.689,165.36,2,12288M
410132,410132_498,PGEE,1,60.0,55.899,163.24,2,12288M
410132,410132_499,PGEE,1,110.0,96.027,165.6,2,12288M
410132,410132_500,PGEE,1,68.0,66.80199999999999,168.43,2,12288M
410132,410132_501,PGEE,1,1743.0,2087.837,253.3,2,12288M
410132,410132_502,PGEE,1,66.0,65.018,177.64,2,12288M
410132,410132_503,PGEE,1,76.0,61.963,167.52,2,12288M
410132,410132_504,PGEE,1,122.0,109.813,185.92,2,12288M
410132,410132_505,PGEE,1,41.0,39.342,171.22,2,12288M
410132,410132_506,PGEE,1,66.0,51.359,168.02,2,12288M
410132,410132_507,PGEE,1,155.0,150.151,200.07,2,12288M
410132,410132_508,PGEE,1,242.0,223.236,228.68,2,12288M
410132,410132_509,PGEE,1,254.0,231.32,219.42,2,12288M
410132,410132_510,PGEE,1,89.0,77.741,169.74,2,12288M
410132,410132_511,PGEE,1,53.0,49.467,167.59,2,12288M
410132,410132_512,PGEE,1,64.0,60.088,165.18,2,12288M
410132,410132_513,PGEE,1,109.0,91.786,164.98,2,12288M
410132,410132_514,PGEE,1,128.0,112.068,169.37,2,12288M
410132,410132_515,PGEE,1,2424.0,2799.902,251.36,2,12288M
410132,410132_516,PGEE,1,66.0,64.242,172.73,2,12288M
410132,410132_517,PGEE,1,92.0,65.896,168.38,2,12288M
410132,410132_518,PGEE,1,74.0,70.863,183.27,2,12288M
410132,410132_519,PGEE,1,82.0,66.961,173.28,2,12288M
410132,410132_520,PGEE,1,54.0,49.284,144.27,2,12288M
410132,410132_521,PGEE,1,272.0,260.647,218.93,2,12288M
410132,410132_522,PGEE,1,133.0,128.301,186.09,2,12288M
410132,410132_523,PGEE,1,282.0,257.478,219.46,2,12288M
410132,410132_524,PGEE,1,88.0,79.953,165.12,2,12288M
410132,410132_525,PGEE,1,91.0,77.52799999999999,166.67,2,12288M
410132,410132_526,PGEE,1,57.0,52.893,164.94,2,12288M
410132,410132_527,PGEE,1,57.0,53.525,169.09,2,12288M
410132,410132_528,PGEE,1,120.0,110.967,110.69,2,12288M
410132,410132_529,PGEE,1,927.0,1356.114,254.75,2,12288M
410132,410132_530,PGEE,1,134.0,124.269,174.9,2,12288M
410132,410132_531,PGEE,1,74.0,57.641,167.27,2,12288M
410132,410132_532,PGEE,1,129.0,116.23599999999999,191.21,2,12288M
410132,410132_533,PGEE,1,88.0,66.66,171.04,2,12288M
410132,410132_534,PGEE,1,60.0,56.937,168.05,2,12288M
410132,410132_535,PGEE,1,263.0,256.668,218.06,2,12288M
410132,410132_536,PGEE,1,241.0,202.952,202.57,2,12288M
410132,410132_537,PGEE,1,269.0,242.138,197.48,2,12288M
410132,410132_538,PGEE,1,89.0,85.007,146.04,2,12288M
410132,410132_539,PGEE,1,87.0,82.632,168.98,2,12288M
410132,410132_540,PGEE,1,99.0,93.527,169.53,2,12288M
410132,410132_541,PGEE,1,102.0,97.164,165.7,2,12288M
410132,410132_542,PGEE,1,134.0,122.682,166.55,2,12288M
410132,410132_543,PGEE,1,1333.0,1871.007,250.14,2,12288M
410132,410132_544,PGEE,1,125.0,117.493,172.23,2,12288M
410132,410132_545,PGEE,1,95.0,71.899,166.93,2,12288M
410132,410132_546,PGEE,1,134.0,114.25399999999999,183.09,2,12288M
410132,410132_547,PGEE,1,73.0,64.475,169.57,2,12288M
410132,410132_548,PGEE,1,63.0,53.419,110.95,2,12288M
410132,410132_549,PGEE,1,262.0,239.427,220.21,2,12288M
410132,410132_550,PGEE,1,235.0,219.125,198.91,2,12288M
410132,410132_551,PGEE,1,274.0,262.584,212.91,2,12288M
410132,410132_552,PGEE,1,87.0,77.544,162.85,2,12288M
410132,410132_553,PGEE,1,116.0,82.402,163.77,2,12288M
410132,410132_554,PGEE,1,95.0,91.66,163.99,2,12288M
410132,410132_555,PGEE,1,106.0,88.66,164.36,2,12288M
410132,410132_556,PGEE,1,142.0,127.998,166.48,2,12288M
410132,410132_557,PGEE,1,1583.0,1978.944,249.34,2,12288M
410132,410132_558,PGEE,1,120.0,111.021,172.44,2,12288M
410132,410132_559,PGEE,1,40.0,37.937,146.14,2,12288M
410132,410132_560,PGEE,1,134.0,117.581,188.04,2,12288M
410132,410132_561,PGEE,1,37.0,35.504,170.63,2,12288M
410132,410132_562,PGEE,1,67.0,56.394,108.87,2,12288M
410132,410132_563,PGEE,1,288.0,245.941,220.52,2,12288M
410132,410132_564,PGEE,1,140.0,135.084,188.67,2,12288M
410132,410132_565,PGEE,1,266.0,250.47,193.91,2,12288M
410132,410132_566,PGEE,1,113.0,88.467,165.05,2,12288M
410132,410132_567,PGEE,1,99.0,82.701,172.21,2,12288M
410132,410132_568,PGEE,1,58.0,54.283,166.73,2,12288M
410132,410132_569,PGEE,1,114.0,88.182,164.07,2,12288M
410132,410132_570,PGEE,1,136.0,125.841,167.66,2,12288M
410132,410132_571,PGEE,1,880.0,1317.313,249.74,2,12288M
410132,410132_572,PGEE,1,109.0,99.648,175.8,2,12288M
410132,410132_573,PGEE,1,73.0,60.667,168.23,2,12288M
410132,410132_574,PGEE,1,132.0,113.311,187.02,2,12288M
410132,410132_575,PGEE,1,66.0,60.587,170.32,2,12288M
410132,410132_576,PGEE,1,58.0,45.346,111.21,2,12288M
410132,410132_577,PGEE,1,252.0,237.1,194.82,2,12288M
410132,410132_578,PGEE,1,247.0,225.61,207.09,2,12288M
410132,410132_579,PGEE,1,299.0,266.326,209.49,2,12288M
410132,410132_580,PGEE,1,92.0,78.22,169.36,2,12288M
410132,410132_581,PGEE,1,104.0,77.291,168.97,2,12288M
410132,410132_582,PGEE,1,98.0,87.115,165.77,2,12288M
410132,410132_583,PGEE,1,100.0,91.007,164.12,2,12288M
410132,410132_584,PGEE,1,148.0,139.358,169.59,2,12288M
410132,410132_585,PGEE,1,1663.0,2073.131,252.4,2,12288M
410132,410132_586,PGEE,1,105.0,103.524,174.45,2,12288M
410132,410132_587,PGEE,1,80.0,76.23400000000001,112.15,2,12288M
410132,410132_588,PGEE,1,128.0,108.47800000000001,184.02,2,12288M
410132,410132_589,PGEE,1,79.0,74.664,169.36,2,12288M
410132,410132_590,PGEE,1,56.0,54.974,167.85,2,12288M
410132,410132_591,PGEE,1,246.0,239.864,202.54,2,12288M
410132,410132_592,PGEE,1,198.0,193.018,195.82,2,12288M
410132,410132_593,PGEE,1,272.0,264.85699999999997,215.06,2,12288M
410132,410132_594,PGEE,1,77.0,73.055,168.38,2,12288M
410132,410132_595,PGEE,1,89.0,76.613,163.32,2,12288M
410132,410132_596,PGEE,1,95.0,91.47,166.91,2,12288M
410132,410132_597,PGEE,1,112.0,98.976,167.25,2,12288M
410132,410132_598,PGEE,1,69.0,66.664,167.27,2,12288M
410132,410132_599,PGEE,1,2075.0,2474.453,250.33,2,12288M
410132,410132_600,PGEE,1,112.0,110.423,171.09,2,12288M
410132,410132_601,PGEE,1,70.0,67.786,168.94,2,12288M
410132,410132_602,PGEE,1,125.0,111.959,190.27,2,12288M
410132,410132_603,PGEE,1,40.0,37.911,143.65,2,12288M
410132,410132_604,PGEE,1,47.0,45.641,166.03,2,12288M
410132,410132_605,PGEE,1,240.0,234.424,198.75,2,12288M
410132,410132_606,PGEE,1,140.0,134.734,196.42,2,12288M
410132,410132_607,PGEE,1,235.0,230.022,217.59,2,12288M
410132,410132_608,PGEE,1,79.0,74.128,168.73,2,12288M
410132,410132_609,PGEE,1,90.0,77.121,167.15,2,12288M
410132,410132_610,PGEE,1,93.0,88.132,164.61,2,12288M
410132,410132_611,PGEE,1,66.0,61.979,164.57,2,12288M
410132,410132_612,PGEE,1,135.0,124.054,169.36,2,12288M
410132,410132_613,PGEE,1,1580.0,2008.814,247.53,2,12288M
410132,410132_614,PGEE,1,68.0,66.169,171.97,2,12288M
410132,410132_615,PGEE,1,71.0,68.45400000000001,168.75,2,12288M
410132,410132_616,PGEE,1,119.0,114.326,190.87,2,12288M
410132,410132_617,PGEE,1,64.0,63.129,171.15,2,12288M
410132,410132_618,PGEE,1,66.0,52.098,168.19,2,12288M
410132,410132_619,PGEE,1,168.0,162.836,204.03,2,12288M
410132,410132_620,PGEE,1,236.0,230.329,219.84,2,12288M
410132,410132_621,PGEE,1,264.0,257.248,211.12,2,12288M
410132,410132_622,PGEE,1,80.0,76.17699999999999,168.25,2,12288M
410132,410132_623,PGEE,1,92.0,80.663,169.51,2,12288M
410132,410132_624,PGEE,1,97.0,93.72200000000001,163.92,2,12288M
410132,410132_625,PGEE,1,65.0,61.016,164.7,2,12288M
410132,410132_626,PGEE,1,138.0,123.144,170.29,2,12288M
410132,410132_627,PGEE,1,1783.0,2242.668,248.54,2,12288M
410132,410132_628,PGEE,1,131.0,106.892,178.41,2,12288M
410132,410132_629,PGEE,1,41.0,39.094,157.94,2,12288M
410132,410132_630,PGEE,1,134.0,115.36699999999999,186.38,2,12288M
410132,410132_631,PGEE,1,38.0,38.043,171.45,2,12288M
410132,410132_632,PGEE,1,70.0,53.455,165.69,2,12288M
410132,410132_633,PGEE,1,164.0,159.036,205.16,2,12288M
410132,410132_634,PGEE,1,239.0,222.643,208.09,2,12288M
410132,410132_635,PGEE,1,280.0,264.648,217.77,2,12288M
410132,410132_636,PGEE,1,95.0,78.243,164.04,2,12288M
410132,410132_637,PGEE,1,103.0,88.078,163.93,2,12288M
410132,410132_638,PGEE,1,59.0,55.541,166.44,2,12288M
410132,410132_639,PGEE,1,61.0,57.56,162.96,2,12288M
410132,410132_640,PGEE,1,144.0,122.707,168.41,2,12288M
410132,410132_641,PGEE,1,1915.0,2345.377,254.08,2,12288M
410132,410132_642,PGEE,1,69.0,67.199,173.06,2,12288M
410132,410132_643,PGEE,1,89.0,74.601,168.92,2,12288M
410132,410132_644,PGEE,1,127.0,114.75800000000001,185.63,2,12288M
410132,410132_645,PGEE,1,38.0,36.236,166.06,2,12288M
410132,410132_646,PGEE,1,60.0,51.163,168.05,2,12288M
410132,410132_647,PGEE,1,285.0,257.04,218.52,2,12288M
410132,410132_648,PGEE,1,147.0,141.791,206.18,2,12288M
410132,410132_649,PGEE,1,260.0,237.787,203.66,2,12288M
410132,410132_650,PGEE,1,103.0,83.56700000000001,168.36,2,12288M
410132,410132_651,PGEE,1,56.0,51.889,164.51,2,12288M
410132,410132_652,PGEE,1,101.0,91.694,167.79,2,12288M
410132,410132_653,PGEE,1,63.0,58.341,163.36,2,12288M
410132,410132_654,PGEE,1,136.0,120.013,172.68,2,12288M
410132,410132_655,PGEE,1,1727.0,2125.99,251.29,2,12288M
410132,410132_656,PGEE,1,66.0,65.131,172.41,2,12288M
410132,410132_657,PGEE,1,86.0,68.353,167.55,2,12288M
410132,410132_658,PGEE,1,75.0,70.785,185.14,2,12288M
410132,410132_659,PGEE,1,82.0,66.418,170.68,2,12288M
410132,410132_660,PGEE,1,64.0,49.242,165.55,2,12288M
410132,410132_661,PGEE,1,170.0,164.518,189.59,2,12288M
410132,410132_662,PGEE,1,226.0,208.872,197.84,2,12288M
410132,410132_663,PGEE,1,260.0,242.934,200.54,2,12288M
410132,410132_664,PGEE,1,84.0,80.19800000000001,171.33,2,12288M
410132,410132_665,PGEE,1,89.0,85.849,167.06,2,12288M
410132,410132_666,PGEE,1,64.0,61.134,167.32,2,12288M
410132,410132_667,PGEE,1,101.0,92.068,162.61,2,12288M
410132,410132_668,PGEE,1,149.0,115.668,171.28,2,12288M
410132,410132_669,PGEE,1,869.0,1256.594,247.49,2,12288M
410132,410132_670,PGEE,1,121.0,111.021,171.43,2,12288M
410132,410132_671,PGEE,1,74.0,62.076,168.86,2,12288M
410132,410132_672,PGEE,1,130.0,116.555,184.21,2,12288M
410132,410132_673,PGEE,1,74.0,69.446,148.77,2,12288M
410132,410132_674,PGEE,1,59.0,45.041,168.3,2,12288M
410132,410132_675,PGEE,1,267.0,250.245,215.88,2,12288M
410132,410132_676,PGEE,1,229.0,217.539,220.91,2,12288M
410132,410132_677,PGEE,1,320.0,263.642,226.63,2,12288M
410132,410132_678,PGEE,1,102.0,83.115,167.34,2,12288M
410132,410132_679,PGEE,1,93.0,84.078,168.79,2,12288M
410132,410132_680,PGEE,1,98.0,94.053,165.28,2,12288M
410132,410132_681,PGEE,1,116.0,98.801,165.0,2,12288M
410132,410132_682,PGEE,1,152.0,137.806,172.34,2,12288M
410132,410132_683,PGEE,1,1558.0,1971.554,248.28,2,12288M
410132,410132_684,PGEE,1,154.0,120.679,179.33,2,12288M
410132,410132_685,PGEE,1,77.0,74.109,166.29,2,12288M
410132,410132_686,PGEE,1,138.0,120.717,185.04,2,12288M
410132,410132_687,PGEE,1,84.0,63.468,112.62,2,12288M
410132,410132_688,PGEE,1,50.0,48.397,154.11,2,12288M
410132,410132_689,PGEE,1,255.0,248.109,192.39,2,12288M
410132,410132_690,PGEE,1,230.0,221.195,209.27,2,12288M
410132,410132_691,PGEE,1,253.0,234.576,218.01,2,12288M
410132,410132_692,PGEE,1,106.0,76.21600000000001,163.31,2,12288M
410132,410132_693,PGEE,1,91.0,77.517,164.46,2,12288M
410132,410132_694,PGEE,1,56.0,52.664,163.15,2,12288M
410132,410132_695,PGEE,1,56.0,53.602,165.0,2,12288M
410132,410132_696,PGEE,1,135.0,127.125,169.66,2,12288M
410132,410132_697,PGEE,1,1552.0,1942.993,247.71,2,12288M
410132,410132_698,PGEE,1,117.0,114.625,173.68,2,12288M
410132,410132_699,PGEE,1,82.0,76.598,167.21,2,12288M
410132,410132_700,PGEE,1,126.0,111.67099999999999,190.67,2,12288M
