Dataset,Fold,Method,Feature,StabilityFrequency
FPG,1,Univariate + Ridge,Body_weight,
FPG,1,Univariate + Ridge,Cl,
FPG,1,Univariate + Ridge,Diastolic_blood_pressure,
FPG,1,Univariate + Ridge,Drinking_habit,
FPG,1,Univariate + Ridge,HbA1c_NGSP,
FPG,1,Univariate + Ridge,Hematocrit,
FPG,1,Univariate + Ridge,Hemoglobin,
FPG,1,Univariate + Ridge,History_of_kidney_disease,
FPG,1,Univariate + Ridge,Initial_body_height,
FPG,1,Univariate + Ridge,LDL_C,
FPG,1,Univariate + Ridge,Na,
FPG,1,Univariate + Ridge,Pulse_rate,
FPG,1,Univariate + Ridge,Red_blood_cell,
FPG,1,Univariate + Ridge,Triglyceride,
FPG,1,Univariate + Ridge,Urinary_protein,
FPG,1,Univariate + Ridge,Urinary_sugar,
FPG,1,Univariate + Ridge,age,
FPG,1,Univariate + Ridge,eGFR,
FPG,1,Univariate + Ridge,sex,
FPG,1,Univariate + Ridge,γ_GTP,
FPG,1,Longitudinal-LASSO + Ridge,ALT,1.0
FPG,1,Longitudinal-LASSO + Ridge,AST,1.0
FPG,1,Longitudinal-LASSO + Ridge,BMI,1.0
FPG,1,Longitudinal-LASSO + Ridge,Body_weight,1.0
FPG,1,Longitudinal-LASSO + Ridge,Cl,1.0
FPG,1,Longitudinal-LASSO + Ridge,Creatinine,1.0
FPG,1,Longitudinal-LASSO + Ridge,HDL_C,1.0
FPG,1,Longitudinal-LASSO + Ridge,HbA1c_NGSP,1.0
FPG,1,Longitudinal-LASSO + Ridge,Hematocrit,1.0
FPG,1,Longitudinal-LASSO + Ridge,Hemoglobin,1.0
FPG,1,Longitudinal-LASSO + Ridge,K,1.0
FPG,1,Longitudinal-LASSO + Ridge,Na,1.0
FPG,1,Longitudinal-LASSO + Ridge,Platele,1.0
FPG,1,Longitudinal-LASSO + Ridge,Red_blood_cell,1.0
FPG,1,Longitudinal-LASSO + Ridge,Triglyceride,1.0
FPG,1,Longitudinal-LASSO + Ridge,Urinary_protein,1.0
FPG,1,Longitudinal-LASSO + Ridge,Urinary_sugar,1.0
FPG,1,Longitudinal-LASSO + Ridge,eGFR,1.0
FPG,1,Longitudinal-LASSO + Ridge,sex,1.0
FPG,1,Longitudinal-LASSO + Ridge,γ_GTP,1.0
FPG,2,Univariate + Ridge,ALT,
FPG,2,Univariate + Ridge,Body_weight,
FPG,2,Univariate + Ridge,Cl,
FPG,2,Univariate + Ridge,Drinking_habit,
FPG,2,Univariate + Ridge,HbA1c_NGSP,
FPG,2,Univariate + Ridge,Hematocrit,
FPG,2,Univariate + Ridge,Hemoglobin,
FPG,2,Univariate + Ridge,History_of_kidney_disease,
FPG,2,Univariate + Ridge,History_of_retinopathy,
FPG,2,Univariate + Ridge,Initial_body_height,
FPG,2,Univariate + Ridge,LDL_C,
FPG,2,Univariate + Ridge,Na,
FPG,2,Univariate + Ridge,Pulse_rate,
FPG,2,Univariate + Ridge,Red_blood_cell,
FPG,2,Univariate + Ridge,Triglyceride,
FPG,2,Univariate + Ridge,Urinary_protein,
FPG,2,Univariate + Ridge,Urinary_sugar,
FPG,2,Univariate + Ridge,age,
FPG,2,Univariate + Ridge,eGFR,
FPG,2,Univariate + Ridge,γ_GTP,
FPG,2,Longitudinal-LASSO + Ridge,AST,1.0
FPG,2,Longitudinal-LASSO + Ridge,BUN,1.0
FPG,2,Longitudinal-LASSO + Ridge,Cl,1.0
FPG,2,Longitudinal-LASSO + Ridge,Creatinine,1.0
FPG,2,Longitudinal-LASSO + Ridge,Diastolic_blood_pressure,1.0
FPG,2,Longitudinal-LASSO + Ridge,Drinking_habit,1.0
FPG,2,Longitudinal-LASSO + Ridge,HbA1c_NGSP,1.0
FPG,2,Longitudinal-LASSO + Ridge,Hematocrit,1.0
FPG,2,Longitudinal-LASSO + Ridge,Hemoglobin,1.0
FPG,2,Longitudinal-LASSO + Ridge,Initial_body_height,1.0
FPG,2,Longitudinal-LASSO + Ridge,K,1.0
FPG,2,Longitudinal-LASSO + Ridge,LDL_C,1.0
FPG,2,Longitudinal-LASSO + Ridge,Na,1.0
FPG,2,Longitudinal-LASSO + Ridge,Platele,1.0
FPG,2,Longitudinal-LASSO + Ridge,Pulse_rate,1.0
FPG,2,Longitudinal-LASSO + Ridge,Triglyceride,1.0
FPG,2,Longitudinal-LASSO + Ridge,Uric_acid,1.0
FPG,2,Longitudinal-LASSO + Ridge,Urinary_sugar,1.0
FPG,2,Longitudinal-LASSO + Ridge,eGFR,1.0
FPG,2,Longitudinal-LASSO + Ridge,γ_GTP,1.0
FPG,3,Univariate + Ridge,ALT,
FPG,3,Univariate + Ridge,Body_weight,
FPG,3,Univariate + Ridge,Cl,
FPG,3,Univariate + Ridge,Diastolic_blood_pressure,
FPG,3,Univariate + Ridge,Drinking_habit,
FPG,3,Univariate + Ridge,HbA1c_NGSP,
FPG,3,Univariate + Ridge,Hematocrit,
FPG,3,Univariate + Ridge,Hemoglobin,
FPG,3,Univariate + Ridge,Initial_body_height,
FPG,3,Univariate + Ridge,LDL_C,
FPG,3,Univariate + Ridge,Na,
FPG,3,Univariate + Ridge,Pulse_rate,
FPG,3,Univariate + Ridge,Red_blood_cell,
FPG,3,Univariate + Ridge,Triglyceride,
FPG,3,Univariate + Ridge,Urinary_protein,
FPG,3,Univariate + Ridge,Urinary_sugar,
FPG,3,Univariate + Ridge,age,
FPG,3,Univariate + Ridge,eGFR,
FPG,3,Univariate + Ridge,sex,
FPG,3,Univariate + Ridge,γ_GTP,
FPG,3,Longitudinal-LASSO + Ridge,ALT,1.0
FPG,3,Longitudinal-LASSO + Ridge,AST,1.0
FPG,3,Longitudinal-LASSO + Ridge,BUN,1.0
FPG,3,Longitudinal-LASSO + Ridge,Cl,1.0
FPG,3,Longitudinal-LASSO + Ridge,Creatinine,1.0
FPG,3,Longitudinal-LASSO + Ridge,Diastolic_blood_pressure,1.0
FPG,3,Longitudinal-LASSO + Ridge,HbA1c_NGSP,1.0
FPG,3,Longitudinal-LASSO + Ridge,Hematocrit,1.0
FPG,3,Longitudinal-LASSO + Ridge,Hemoglobin,1.0
FPG,3,Longitudinal-LASSO + Ridge,K,1.0
FPG,3,Longitudinal-LASSO + Ridge,LDL_C,1.0
FPG,3,Longitudinal-LASSO + Ridge,Platele,1.0
FPG,3,Longitudinal-LASSO + Ridge,Pulse_rate,1.0
FPG,3,Longitudinal-LASSO + Ridge,Red_blood_cell,1.0
FPG,3,Longitudinal-LASSO + Ridge,Triglyceride,1.0
FPG,3,Longitudinal-LASSO + Ridge,Uric_acid,1.0
FPG,3,Longitudinal-LASSO + Ridge,Urinary_protein,1.0
FPG,3,Longitudinal-LASSO + Ridge,Urinary_sugar,1.0
FPG,3,Longitudinal-LASSO + Ridge,sex,1.0
FPG,3,Longitudinal-LASSO + Ridge,γ_GTP,1.0
FPG,4,Univariate + Ridge,ALT,
FPG,4,Univariate + Ridge,BMI,
FPG,4,Univariate + Ridge,Body_weight,
FPG,4,Univariate + Ridge,Cl,
FPG,4,Univariate + Ridge,Diastolic_blood_pressure,
FPG,4,Univariate + Ridge,HbA1c_NGSP,
FPG,4,Univariate + Ridge,Hematocrit,
FPG,4,Univariate + Ridge,Hemoglobin,
FPG,4,Univariate + Ridge,History_of_kidney_disease,
FPG,4,Univariate + Ridge,Initial_body_height,
FPG,4,Univariate + Ridge,LDL_C,
FPG,4,Univariate + Ridge,Na,
FPG,4,Univariate + Ridge,Pulse_rate,
FPG,4,Univariate + Ridge,Red_blood_cell,
FPG,4,Univariate + Ridge,Triglyceride,
FPG,4,Univariate + Ridge,Urinary_protein,
FPG,4,Univariate + Ridge,Urinary_sugar,
FPG,4,Univariate + Ridge,age,
FPG,4,Univariate + Ridge,eGFR,
FPG,4,Univariate + Ridge,γ_GTP,
FPG,4,Longitudinal-LASSO + Ridge,ALT,1.0
FPG,4,Longitudinal-LASSO + Ridge,AST,1.0
FPG,4,Longitudinal-LASSO + Ridge,BMI,1.0
FPG,4,Longitudinal-LASSO + Ridge,Body_weight,1.0
FPG,4,Longitudinal-LASSO + Ridge,Cl,1.0
FPG,4,Longitudinal-LASSO + Ridge,HbA1c_NGSP,1.0
FPG,4,Longitudinal-LASSO + Ridge,Hemoglobin,1.0
FPG,4,Longitudinal-LASSO + Ridge,History_of_heart_failure,1.0
FPG,4,Longitudinal-LASSO + Ridge,LDL_C,1.0
FPG,4,Longitudinal-LASSO + Ridge,Na,1.0
FPG,4,Longitudinal-LASSO + Ridge,Platele,1.0
FPG,4,Longitudinal-LASSO + Ridge,Pulse_rate,1.0
FPG,4,Longitudinal-LASSO + Ridge,Red_blood_cell,1.0
FPG,4,Longitudinal-LASSO + Ridge,Triglyceride,1.0
FPG,4,Longitudinal-LASSO + Ridge,Uric_acid,1.0
FPG,4,Longitudinal-LASSO + Ridge,Urinary_protein,1.0
FPG,4,Longitudinal-LASSO + Ridge,Urinary_sugar,1.0
FPG,4,Longitudinal-LASSO + Ridge,eGFR,1.0
FPG,4,Longitudinal-LASSO + Ridge,sex,1.0
FPG,4,Longitudinal-LASSO + Ridge,γ_GTP,1.0
FPG,5,Univariate + Ridge,ALT,
FPG,5,Univariate + Ridge,Body_weight,
FPG,5,Univariate + Ridge,Cl,
FPG,5,Univariate + Ridge,Diastolic_blood_pressure,
FPG,5,Univariate + Ridge,HbA1c_NGSP,
FPG,5,Univariate + Ridge,Hematocrit,
FPG,5,Univariate + Ridge,Hemoglobin,
FPG,5,Univariate + Ridge,History_of_kidney_disease,
FPG,5,Univariate + Ridge,Initial_body_height,
FPG,5,Univariate + Ridge,LDL_C,
FPG,5,Univariate + Ridge,Na,
FPG,5,Univariate + Ridge,Pulse_rate,
FPG,5,Univariate + Ridge,Red_blood_cell,
FPG,5,Univariate + Ridge,Triglyceride,
FPG,5,Univariate + Ridge,Urinary_protein,
FPG,5,Univariate + Ridge,Urinary_sugar,
FPG,5,Univariate + Ridge,age,
FPG,5,Univariate + Ridge,eGFR,
FPG,5,Univariate + Ridge,sex,
FPG,5,Univariate + Ridge,γ_GTP,
FPG,5,Longitudinal-LASSO + Ridge,ALT,1.0
FPG,5,Longitudinal-LASSO + Ridge,AST,1.0
FPG,5,Longitudinal-LASSO + Ridge,BMI,1.0
FPG,5,Longitudinal-LASSO + Ridge,BUN,1.0
FPG,5,Longitudinal-LASSO + Ridge,Body_weight,1.0
FPG,5,Longitudinal-LASSO + Ridge,Cl,1.0
FPG,5,Longitudinal-LASSO + Ridge,Creatinine,1.0
FPG,5,Longitudinal-LASSO + Ridge,HDL_C,1.0
FPG,5,Longitudinal-LASSO + Ridge,HbA1c_NGSP,1.0
FPG,5,Longitudinal-LASSO + Ridge,Hematocrit,1.0
FPG,5,Longitudinal-LASSO + Ridge,Hemoglobin,1.0
FPG,5,Longitudinal-LASSO + Ridge,History_of_liver_disease,1.0
FPG,5,Longitudinal-LASSO + Ridge,Initial_body_height,1.0
FPG,5,Longitudinal-LASSO + Ridge,K,1.0
FPG,5,Longitudinal-LASSO + Ridge,LDL_C,1.0
FPG,5,Longitudinal-LASSO + Ridge,Platele,1.0
FPG,5,Longitudinal-LASSO + Ridge,Triglyceride,1.0
FPG,5,Longitudinal-LASSO + Ridge,Urinary_protein,1.0
FPG,5,Longitudinal-LASSO + Ridge,Urinary_sugar,1.0
FPG,5,Longitudinal-LASSO + Ridge,γ_GTP,1.0
